"reference_id","citation_key","citation_aliases","authors","year","title","publication","volume","issue","pages","doi","hyperlink","formatted_reference","reference_type","metadata_source","source_types","core_criteria","related_criteria","model_applications","glossary_terms","landing_sections","match_status","review_notes"
"alvarado_serrano_2014","Alvarado-Serrano & Knowles 2014","Alvarado-Serrano & Knowles 2014","Aibin Zhan; Sarah A. Bailey; Daniel D. Heath; Hugh J. Macisaac","2014","Performance comparison of genetic markers for high‐throughput sequencing‐based biodiversity assessment in complex communities","Molecular Ecology Resources","14","5","1049-1059","10.1111/1755-0998.12254","https://doi.org/10.1111/1755-0998.12254","Alvarado-Serrano & Knowles 2014. Ecological niche models in phylogeographic studies: applications, advances and precautions. Molecular Ecology Resources.","journal-article","Application inventory","Model application","","","Habitat-overlap or niche-overlap analysis; Spatial genetic structure and niche investigation; Suture zone or contact zone description","","","source_doi_conflict_not_in_zotero","Not found in the supplied Zotero bibliography. DOI was supplied in application_inventory.csv, but its Crossref title does not align with the supplied citation (automated title coverage 0). Verify and correct the citation or DOI."
"carvalho_2010","Carvalho et al. 2010","Carvalho et al. 2010","D.B. Lindenmayer; E.J. Knight; M.J. Crane; R. Montague-Drake; D.R. Michael; C.I. MacGregor","2010","What makes an effective restoration planting for woodland birds?","Biological Conservation","143","2","289-301","10.1016/j.biocon.2009.10.010","https://doi.org/10.1016/j.biocon.2009.10.010","Carvalho et al. 2010. Simulating the effects of using different types of species distribution data in reserve selection. Biological Conservation.","journal-article","Application inventory","Model application","","","Protected-area gap or expansion prioritization","","","source_doi_conflict_not_in_zotero","Not found in the supplied Zotero bibliography. DOI was supplied in application_inventory.csv, but its Crossref title does not align with the supplied citation (automated title coverage 0). Verify and correct the citation or DOI."
"jarvie_2018","Jarvie & Svenning 2018","Jarvie & Svenning 2018","Emma-Liina Marjakangas; Luísa Genes; Mathias M. Pires; Fernando A. S. Fernandez; Renato A. F. de Lima; Alexandre A. de Oliveira; Otso Ovaskainen; Alexandra S. Pires; Paulo I. Prado; Mauro Galetti","2018","Estimating interaction credit for trophic rewilding in tropical forests","Philosophical Transactions of the Royal Society B: Biological Sciences","373","1761","20170435","10.1098/rstb.2017.0435","https://doi.org/10.1098/rstb.2017.0435","Jarvie & Svenning 2018. Using species distribution modelling to determine opportunities for trophic rewilding under future scenarios. Philosophical Transactions B.","journal-article","Application inventory","Model application","","","Reintroduction site prioritization","","","source_doi_conflict_not_in_zotero","Not found in the supplied Zotero bibliography. DOI was supplied in application_inventory.csv, but its Crossref title does not align with the supplied citation (automated title coverage 0.29). Verify and correct the citation or DOI."
"velazco_2020","Velazco et al. 2020","Velazco et al. (2020) | Velazco et al. 2020","Sophie Monsarrat; Oskar Liset Pryds Hansen; Jens-Christian Svenning","2020","Highly variable impacts of feral horses on ecosystems worldwide","Biological Conservation","247","","108616","10.1016/j.biocon.2020.108616","https://doi.org/10.1016/j.biocon.2020.108616","Velazco et al. 2020. Dealing with overprediction in species distribution models in spatial conservation prioritization. Biological Conservation.","journal-article","Application inventory","Glossary; Model application","","","Critical area or hotspot prioritization; Endemism hotspot prioritization; Priority-area identification; Suitable habitat prediction for protection prioritization","Commission errors","","source_doi_conflict_not_in_zotero","Not found in the supplied Zotero bibliography. DOI was supplied in application_inventory.csv, but its Crossref title does not align with the supplied citation (automated title coverage 0). Verify and correct the citation or DOI."
"abdel_moniem_2025","Abdel-Moniem et al. 2025","Abdel-Moniem et al. 2025","","2025","","","","","","","https://search.crossref.org/?q=Abdel-Moniem%20et%20al.%202025","","","Unresolved","Core criterion","Prediction 31: Setting an appropriate threshold, if applicable; Projection 31: Setting an appropriate threshold, if applicable","","","","","not_found_in_zotero","Not found in the supplied Zotero bibliography. The hyperlink opens a Crossref search; bibliographic details require review."
"aiello_2015","Aiello et al. 2015","Aiello et al. 2015","","2015","","","","","","","https://search.crossref.org/?q=Aiello%20et%20al.%202015","","","Unresolved","Related criterion","","Prediction 9: Unbiased species data; Projection 9: Unbiased species data","","","","not_found_in_zotero","Not found in the supplied Zotero bibliography. The hyperlink opens a Crossref search; bibliographic details require review."
"allouche_2006","Allouche et al. 2006","Allouche et al. 2006","Allouche, OMRI, et al.","2006","Assessing the Accuracy of Species Distribution Models: Prevalence, Kappa and the True Skill Statistic (TSS)","Journal of Applied Ecology","43","6","1223–32","10.1111/j.1365-2664.2006.01214.x","https://doi.org/10.1111/j.1365-2664.2006.01214.x","Allouche, OMRI, et al. “Assessing the Accuracy of Species Distribution Models: Prevalence, Kappa and the True Skill Statistic (TSS).” Journal of Applied Ecology, vol. 43, no. 6, 2006, pp. 1223–32, https://doi.org/10.1111/j.1365-2664.2006.01214.x.","journal-article","Zotero bibliography","Core criterion; Related criterion","Prediction 30: Performance/evaluation metrics are appropriate; Projection 30: Performance/evaluation metrics are appropriate","Prediction 26: Statistical methods and algorithms employed are appropriate; Projection 26: Statistical methods and algorithms employed are appropriate","","","","matched_zotero_author_year","Matched to the Zotero bibliography by a unique first-author and publication-year combination."
"allouche_2008","Allouche et al. 2008","Allouche et al. 2008","","2008","","","","","","","https://search.crossref.org/?q=Allouche%20et%20al.%202008","","","Unresolved","Related criterion","","Prediction 3: No dispersal limitation; Projection 3: No dispersal limitation","","","","not_found_in_zotero","Not found in the supplied Zotero bibliography. The hyperlink opens a Crossref search; bibliographic details require review."
"anderson_2013","Anderson 2013","Anderson 2013","Anderson, Robert P.","2013","A Framework for Using Niche Models to Estimate Impacts of Climate Change on Species Distributions","Annals of the New York Academy of Sciences","1297","1","“A Framework for Using Niche Models to Estimate Impacts of Climate Change on Species Distributions","10.1111/nyas.12264","https://doi.org/10.1111/nyas.12264","Anderson, Robert P. “A Framework for Using Niche Models to Estimate Impacts of Climate Change on Species Distributions.” Annals of the New York Academy of Sciences, vol. 1297, no. 1, 2013, pp. 8–28, https://doi.org/10.1111/nyas.12264.","journal-article","Zotero bibliography","Related criterion","","Projection 20: Non-novel conditions","","","","matched_zotero_author_year","Matched to the Zotero bibliography by a unique first-author and publication-year combination."
"anderson_2020","Anderson et al. 2020","Anderson et al. 2020","Anderson, R. P., et al.","2020","Optimizing Biodiversity Informatics to Improve Information Flow, Data Quality, and Utility for Science and Society","","12","3","","10.21425/F5FBG47839","https://doi.org/10.21425/F5FBG47839","Anderson, R. P., et al. Optimizing Biodiversity Informatics to Improve Information Flow, Data Quality, and Utility for Science and Society. vol. 12, no. 3, 2020, https://doi.org/10.21425/F5FBG47839.","report-or-web-resource","Zotero bibliography","Core criterion","Prediction 7: Correct taxonomic identification; Projection 7: Correct taxonomic identification","","","","","matched_zotero_author_year","Matched to the Zotero bibliography by a unique first-author and publication-year combination."
"anselmetto_2025","Anselmetto et al. 2025","Anselmetto et al. 2025","Anselmetto, Nicolò, et al.","2025","Species Distribution Models Built with Local Species Data Perform Better for Current Time, but Suffer from Niche Truncation","Agricultural and Forest Meteorology","362","","110361","10.1016/j.agrformet.2024.110361","https://doi.org/10.1016/j.agrformet.2024.110361","Anselmetto, Nicolò, et al. “Species Distribution Models Built with Local Species Data Perform Better for Current Time, but Suffer from Niche Truncation.” Agricultural and Forest Meteorology, vol. 362, 2025, p. 110361, https://doi.org/10.1016/j.agrformet.2024.110361.","journal-article","Zotero bibliography","Core criterion","Prediction 16.1: Predictors resolution matches response scale (spatial); Projection 16.1: Predictors resolution matches response scale (spatial)","","","","","matched_zotero_author_year","Matched to the Zotero bibliography by a unique first-author and publication-year combination."
"araujo_2005","Araújo et al. 2005","Araújo et al. 2005","Araújo, Miguel B., Richard G. Pearson, et al.","2005","Validation of Species–Climate Impact Models under Climate Change","Global Change Biology","11","9","1504–13","10.1111/j.1365-2486.2005.01000.x","https://doi.org/10.1111/j.1365-2486.2005.01000.x","Araújo, Miguel B., Richard G. Pearson, et al. “Validation of Species–Climate Impact Models under Climate Change.” Global Change Biology, vol. 11, no. 9, 2005, pp. 1504–13, https://doi.org/10.1111/j.1365-2486.2005.01000.x.","journal-article","Zotero bibliography","Core criterion; Related criterion","Projection 34: Model transferability is accurate","Prediction 32: Model training and validation datasets are appropriate; Projection 32: Model training and validation datasets are appropriate","","","","matched_zotero_author_year","Matched to the Zotero bibliography by a unique first-author and publication-year combination."
"araujo_2019","Araújo et al. 2019","Araujo et al. (2019) | Araújo et al. 2019","Araújo, Miguel B., Robert P. Anderson, et al.","2019","Standards for Distribution Models in Biodiversity Assessments","Science Advances","5","1","Anderson","10.1126/sciadv.aat4858","https://doi.org/10.1126/sciadv.aat4858","Araújo, Miguel B., Robert P. Anderson, et al. “Standards for Distribution Models in Biodiversity Assessments.” Science Advances, vol. 5, no. 1, Jan. 2019, p. eaat4858. science.org (Atypon), https://doi.org/10.1126/sciadv.aat4858.","journal-article","Zotero bibliography","Core criterion; Glossary; Related criterion","Prediction 10: Species data covers the environmental extent; Prediction 16.1: Predictors resolution matches response scale (spatial); Prediction 16.2: Predictors resolution matches response scale (temporal); Prediction 19: Uncertainty in predictor variables is accounted for; Prediction 21.1: Model complexity and structure are appropriate (under fit models); Prediction 23: Collinearity in predictors is treated; Prediction 24: Modelling and parameter uncertainty are dealt with; Prediction 30: Performance/evaluation metrics are appropriate; Prediction 7: Correct taxonomic identification; Prediction 8: Lack of spatial positional error; Projection 10: Species data covers the environmental extent; Projection 16.1: Predictors resolution matches response scale (spatial); Projection 16.2: Predictors resolution matches response scale (temporal); Projection 19: Uncertainty in predictor variables is accounted for; Projection 21.1: Model complexity and structure are appropriate (under fit models); Projection 24: Modelling and parameter uncertainty are dealt with; Projection 30: Performance/evaluation metrics are appropriate; Projection 7: Correct taxonomic identification; Projection 8: Lack of spatial positional error","Prediction 11: Species data covers the geographic extent; Prediction 15: Predictors spatial resolution matches species data; Prediction 17: Predictors are relevant for the species response; Prediction 18: All predictors relevant for the species response are included; Prediction 22: Biases and noise in species datasets are treated ; Prediction 25: Training samples are representative; Prediction 28: Background points or pseduo-absences are appropriate; Prediction 29: Predictor variables are appropriately reduced, if applicable; Prediction 32: Model training and validation datasets are appropriate; Prediction 4.2: Eltonian noise (negative interactions); Prediction 9: Unbiased species data; Projection 11: Species data covers the geographic extent; Projection 15: Predictors spatial resolution matches species data; Projection 17: Predictors are relevant for the species response; Projection 18: All predictors relevant for the species response are included; Projection 20: Non-novel conditions; Projection 22: Biases and noise in species datasets are treated ; Projection 23: Collinearity in predictors is treated; Projection 25: Training samples are representative; Projection 28: Background points or pseduo-absences are appropriate; Projection 29: Predictor variables are appropriately reduced, if applicable; Projection 32: Model training and validation datasets are appropriate; Projection 4.2: Eltonian noise (negative interactions); Projection 9: Unbiased species data","","Criteria; Explanation (Hypothesis testing); Model type; Predictions (spatially explicit); Projection (Extrapolation)","","matched_zotero_author_year","Matched to the Zotero bibliography by a unique first-author and publication-year combination."
"aubry_2017","Aubry et al. 2017","Aubry et al. 2017","Aubry, Keith B., et al.","2017","The Importance of Data Quality for Generating Reliable Distribution Models for Rare, Elusive, and Cryptic Species","PLOS ONE","12","6","1–17","10.1371/journal.pone.0179152","https://doi.org/10.1371/journal.pone.0179152","Aubry, Keith B., et al. “The Importance of Data Quality for Generating Reliable Distribution Models for Rare, Elusive, and Cryptic Species.” PLOS ONE, vol. 12, no. 6, June 2017, pp. 1–17, https://doi.org/10.1371/journal.pone.0179152.","journal-article","Zotero bibliography","Core criterion","Prediction 7: Correct taxonomic identification; Projection 7: Correct taxonomic identification","","","","","matched_zotero_author_year","Matched to the Zotero bibliography by a unique first-author and publication-year combination."
"austin_2002","Austin 2002","Austin 2002","Austin, M. P.","2002","Spatial Prediction of Species Distribution: An Interface between Ecological Theory and Statistical Modelling","Ecological Modelling","157","2","“Spatial Prediction of Species Distribution: An Interface between Ecological Theory and Statistical Modelling","10.1016/S0304-3800(02)00205-3","https://doi.org/10.1016/S0304-3800(02)00205-3","Austin, M. P. “Spatial Prediction of Species Distribution: An Interface between Ecological Theory and Statistical Modelling.” Ecological Modelling, vol. 157, no. 2, 2002, pp. 101–18, https://doi.org/10.1016/S0304-3800(02)00205-3.","journal-article","Zotero bibliography","Related criterion","","Prediction 27: Shape of the species and predictors relationships is appropriate ; Projection 27: Shape of the species and predictors relationships is appropriate","","","","matched_zotero_author_year","Matched to the Zotero bibliography by a unique first-author and publication-year combination."
"barber_2021","Barber et al. 2021","Barber et al. 2021","","2021","","","","","","","https://search.crossref.org/?q=Barber%20et%20al.%202021","","","Unresolved","Related criterion","","Prediction 9: Unbiased species data; Projection 9: Unbiased species data","","","","not_found_in_zotero","Not found in the supplied Zotero bibliography. The hyperlink opens a Crossref search; bibliographic details require review."
"barbet_massin_2012","Barbet-Massin et al. 2012","Barbet-Massin et al. 2012","Barbet-Massin, Morgane, et al.","2012","Selecting Pseudo-Absences for Species Distribution Models: How, Where and How Many?","Methods in Ecology and Evolution","3","2","327–38","10.1111/j.2041-210X.2011.00172.x","https://doi.org/10.1111/j.2041-210X.2011.00172.x","Barbet-Massin, Morgane, et al. “Selecting Pseudo-Absences for Species Distribution Models: How, Where and How Many?” Methods in Ecology and Evolution, vol. 3, no. 2, 2012, pp. 327–38, https://doi.org/10.1111/j.2041-210X.2011.00172.x.","journal-article","Zotero bibliography","Related criterion","","Prediction 28: Background points or pseduo-absences are appropriate; Projection 28: Background points or pseduo-absences are appropriate","","","","matched_zotero_author_year","Matched to the Zotero bibliography by a unique first-author and publication-year combination."
"barbosa_2001","Barbosa et al. 2001","Barbosa et al. 2001","Barbosa, Ana Márcia, et al.","2001","Spatial, Environmental and Human Influences on the Distribution of Otter (Lutra Lutra) in the Spanish Provinces","Diversity and Distributions","7","3","137–44","10.1046/j.1472-4642.2001.00104.x","https://doi.org/10.1046/j.1472-4642.2001.00104.x","Barbosa, Ana Márcia, et al. “Spatial, Environmental and Human Influences on the Distribution of Otter (Lutra Lutra) in the Spanish Provinces.” Diversity and Distributions, vol. 7, no. 3, 2001, pp. 137–44, https://doi.org/10.1046/j.1472-4642.2001.00104.x.","journal-article","Zotero bibliography","Related criterion","","Prediction 17: Predictors are relevant for the species response; Projection 17: Predictors are relevant for the species response","","","","matched_zotero_author_year","Matched to the Zotero bibliography by a unique first-author and publication-year combination."
"barry_2006","Barry & Elith 2006","Barry & Elith 2006","Barry, Simon, and Jane Elith.","2006","Error and Uncertainty in Habitat Models","Journal of Applied Ecology","43","3","413–23","10.1111/j.1365-2664.2006.01136.x","https://doi.org/10.1111/j.1365-2664.2006.01136.x","Barry, Simon, and Jane Elith. “Error and Uncertainty in Habitat Models.” Journal of Applied Ecology, vol. 43, no. 3, 2006, pp. 413–23, https://doi.org/10.1111/j.1365-2664.2006.01136.x.","journal-article","Zotero bibliography","Core criterion; Related criterion","Prediction 19: Uncertainty in predictor variables is accounted for; Projection 19: Uncertainty in predictor variables is accounted for","Projection 20: Non-novel conditions","","","","matched_zotero_author_year","Matched to the Zotero bibliography by a unique first-author and publication-year combination."
"batalden_2007","Batalden et al. 2007","Batalden et al. 2007","Batalden, Rebecca V., et al.","2007","Ecological Niches in Sequential Generations of Eastern North American Monarch Butterflies (Lepidoptera: Danaidae): The Ecology of Migration and Likely Climate Change Implications","Environmental Entomology","36","6","1365–73","10.1603/0046-225X(2007)36%255B1365:ENISGO%255D2.0.CO;2","https://doi.org/10.1603/0046-225X(2007)36%255B1365:ENISGO%255D2.0.CO;2","Batalden, Rebecca V., et al. “Ecological Niches in Sequential Generations of Eastern North American Monarch Butterflies (Lepidoptera: Danaidae): The Ecology of Migration and Likely Climate Change Implications.” Environmental Entomology, vol. 36, no. 6, Dec. 2007, pp. 1365–73, https://doi.org/10.1603/0046-225X(2007)36%255B1365:ENISGO%255D2.0.CO;2.","journal-article","Zotero bibliography","Core criterion","Prediction 16.2: Predictors resolution matches response scale (temporal); Projection 16.2: Predictors resolution matches response scale (temporal)","","","","","matched_zotero_author_year","Matched to the Zotero bibliography by a unique first-author and publication-year combination."
"bazzichetto_2023","Bazzichetto et al. 2023","Bazzichetto et al. 2023","","2023","","","","","","","https://search.crossref.org/?q=Bazzichetto%20et%20al.%202023","","","Unresolved","Related criterion","","Prediction 12: Species data sample size is appropriate; Projection 12: Species data sample size is appropriate","","","","not_found_in_zotero","Not found in the supplied Zotero bibliography. The hyperlink opens a Crossref search; bibliographic details require review."
"beale_2011","Beale & Lennon 2011","Beale & Lennon 2011","Beale, Colin M., and Jack J. Lennon.","2012","Incorporating Uncertainty in Predictive Species Distribution Modelling","Philosophical Transactions: Biological Sciences","367","1586","247–58","","https://www.jstor.org/stable/23076314","Beale, Colin M., and Jack J. Lennon. “Incorporating Uncertainty in Predictive Species Distribution Modelling.” Philosophical Transactions: Biological Sciences, vol. 367, no. 1586, 2012, pp. 247–58. JSTOR, https://www.jstor.org/stable/23076314.","journal-article","Zotero bibliography","Core criterion","Prediction 24: Modelling and parameter uncertainty are dealt with; Projection 24: Modelling and parameter uncertainty are dealt with","","","","","probable_zotero_match_review","Probable Zotero match. The app source cites ""Beale & Lennon 2011""; Zotero gives first author ""Beale"" and publication year 2012. Confirm the author/year and update the source citation if appropriate."
"benito_2013","Benito et al. 2013","Benito et al. 2013","Benito, Blas M., et al.","2013","The Impact of Modelling Choices in the Predictive Performance of Richness Maps Derived from Species-Distribution Models: Guidelines to Build Better Diversity Models","Methods in Ecology and Evolution","4","4","327–35","10.1111/2041-210x.12022","https://doi.org/10.1111/2041-210x.12022","Benito, Blas M., et al. “The Impact of Modelling Choices in the Predictive Performance of Richness Maps Derived from Species-Distribution Models: Guidelines to Build Better Diversity Models.” Methods in Ecology and Evolution, vol. 4, no. 4, 2013, pp. 327–35, https://doi.org/10.1111/2041-210x.12022.","journal-article","Zotero bibliography","Core criterion","Prediction 31: Setting an appropriate threshold, if applicable; Projection 31: Setting an appropriate threshold, if applicable","","","","","matched_zotero_author_year","Matched to the Zotero bibliography by a unique first-author and publication-year combination."
"boulangeat_2012","Boulangeat et al. 2012","Boulangeat et al. 2012","Boulangeat, Isabelle, et al.","2012","Accounting for Dispersal and Biotic Interactions to Disentangle the Drivers of Species Distributions and Their Abundances","Ecology Letters","15","6","584–93","10.1111/j.1461-0248.2012.01772.x","https://doi.org/10.1111/j.1461-0248.2012.01772.x","Boulangeat, Isabelle, et al. “Accounting for Dispersal and Biotic Interactions to Disentangle the Drivers of Species Distributions and Their Abundances.” Ecology Letters, vol. 15, no. 6, 2012, pp. 584–93, https://doi.org/10.1111/j.1461-0248.2012.01772.x.","journal-article","Zotero bibliography","Core criterion","Prediction 21.2: Model complexity and structure are appropriate (over fit models); Prediction 4.1: Eltonian noise (positive interactions); Projection 21.2: Model complexity and structure are appropriate (over fit models); Projection 4.1: Eltonian noise (positive interactions)","","","","","matched_zotero_author_year","Matched to the Zotero bibliography by a unique first-author and publication-year combination."
"boutin_2012","Boutin et al. 2012","Boutin et al. 2012","Boutin, Stan, et al.","2012","Why Are Caribou Declining in the Oil Sands?","Frontiers in Ecology and the Environment","10","2","65–67","10.1890/12.WB.005","https://doi.org/10.1890/12.WB.005","Boutin, Stan, et al. “Why Are Caribou Declining in the Oil Sands?” Frontiers in Ecology and the Environment, vol. 10, no. 2, 2012, pp. 65–67, https://doi.org/10.1890/12.WB.005.","journal-article","Zotero bibliography","Core criterion","Prediction 21.2: Model complexity and structure are appropriate (over fit models); Prediction 4.1: Eltonian noise (positive interactions); Projection 21.2: Model complexity and structure are appropriate (over fit models); Projection 4.1: Eltonian noise (positive interactions)","","","","","matched_zotero_author_year","Matched to the Zotero bibliography by a unique first-author and publication-year combination."
"bowler_2024","Bowler et al. 2024","Bowler et al. 2024","Bowler, Diana E., et al.","2025","Treating Gaps and Biases in Biodiversity Data as a Missing Data Problem","Biological Reviews","100","1","50–67","10.1111/brv.13127","https://doi.org/10.1111/brv.13127","Bowler, Diana E., et al. “Treating Gaps and Biases in Biodiversity Data as a Missing Data Problem.” Biological Reviews, vol. 100, no. 1, 2025, pp. 50–67. Wiley Online Library, https://doi.org/10.1111/brv.13127.","journal-article","Zotero bibliography","Related criterion","","Prediction 12: Species data sample size is appropriate; Projection 12: Species data sample size is appropriate","","","","probable_zotero_match_review","Probable Zotero match. The app source cites ""Bowler et al. 2024""; Zotero gives first author ""Bowler"" and publication year 2025. Confirm the author/year and update the source citation if appropriate."
"bradter_2012","Bradter et al. 2012","Bradter et al. 2012","","2012","","","","","","","https://search.crossref.org/?q=Bradter%20et%20al.%202012","","","Unresolved","Core criterion","Prediction 16.1: Predictors resolution matches response scale (spatial); Prediction 16.2: Predictors resolution matches response scale (temporal); Projection 16.1: Predictors resolution matches response scale (spatial); Projection 16.2: Predictors resolution matches response scale (temporal)","","","","","not_found_in_zotero","Not found in the supplied Zotero bibliography. The hyperlink opens a Crossref search; bibliographic details require review."
"braunisch_2013","Braunisch et al. 2013","Braunisch et al. 2013","Braunisch, Veronika, et al.","2013","Selecting from Correlated Climate Variables: A Major Source of Uncertainty for Predicting Species Distributions under Climate Change","Ecography","36","9","971–83","10.1111/j.1600-0587.2013.00138.x","https://doi.org/10.1111/j.1600-0587.2013.00138.x","Braunisch, Veronika, et al. “Selecting from Correlated Climate Variables: A Major Source of Uncertainty for Predicting Species Distributions under Climate Change.” Ecography, vol. 36, no. 9, 2013, pp. 971–83, https://doi.org/10.1111/j.1600-0587.2013.00138.x.","journal-article","Zotero bibliography","Core criterion","Prediction 21.1: Model complexity and structure are appropriate (under fit models); Projection 21.1: Model complexity and structure are appropriate (under fit models); Projection 21.2: Model complexity and structure are appropriate (over fit models)","","","","","matched_zotero_author_year","Matched to the Zotero bibliography by a unique first-author and publication-year combination."
"brodie_2022","Brodie et al. 2022","Brodie et al. 2022","","2022","","","","","","","https://search.crossref.org/?q=Brodie%20et%20al.%202022","","","Unresolved","Core criterion","Prediction 24: Modelling and parameter uncertainty are dealt with; Projection 24: Modelling and parameter uncertainty are dealt with","","","","","not_found_in_zotero","Not found in the supplied Zotero bibliography. The hyperlink opens a Crossref search; bibliographic details require review."
"brown_2013","Brown et al. 2013","Brown et al. 2013","","2013","","","","","","","https://search.crossref.org/?q=Brown%20et%20al.%202013","","","Unresolved","Model application","","","Data gap identification; Information-gain allocation","","","not_found_in_zotero","Not found in the supplied Zotero bibliography. The hyperlink opens a Crossref search; bibliographic details require review."
"brun_2019","Brun et al. 2019","Brun et al. 2019","Brun, Philipp, et al.","2020","Model Complexity Affects Species Distribution Projections under Climate Change","Journal of Biogeography","47","1","130–42","10.1111/jbi.13734","https://doi.org/10.1111/jbi.13734","Brun, Philipp, et al. “Model Complexity Affects Species Distribution Projections under Climate Change.” Journal of Biogeography, vol. 47, no. 1, 2020, pp. 130–42, https://doi.org/10.1111/jbi.13734.","journal-article","Zotero bibliography","Core criterion","Prediction 21.1: Model complexity and structure are appropriate (under fit models); Projection 21.1: Model complexity and structure are appropriate (under fit models); Projection 21.2: Model complexity and structure are appropriate (over fit models)","","","","","probable_zotero_match_review","Probable Zotero match. The app source cites ""Brun et al. 2019""; Zotero gives first author ""Brun"" and publication year 2020. Confirm the author/year and update the source citation if appropriate."
"bryn_2021","Bryn et al. 2021","Bryn et al. 2021","Bryn, Anders, et al.","2021","Reliability in Distribution Modeling—A Synthesis and Step-by-Step Guidelines for Improved Practice","Frontiers in Ecology and Evolution","","","","10.3389/fevo.2021.658713","https://doi.org/10.3389/fevo.2021.658713","Bryn, Anders, et al. “Reliability in Distribution Modeling—A Synthesis and Step-by-Step Guidelines for Improved Practice.” Frontiers in Ecology and Evolution, Volume 9-2021, 2021, https://doi.org/10.3389/fevo.2021.658713.","journal-article","Zotero bibliography","Core criterion; Related criterion","Prediction 2: Niche stability","Prediction 6: Understanding the ecological processes driving species distribution and abundances; Projection 6: Understanding the ecological processes driving species distribution and abundances","","","","matched_zotero_author_year","Matched to the Zotero bibliography by a unique first-author and publication-year combination."
"buisson_2010","Buisson et al. 2010","Buisson et al. 2010","Buisson, LAËTITIA, et al.","2010","Uncertainty in Ensemble Forecasting of Species Distribution","Global Change Biology","16","4","1145–57","10.1111/j.1365-2486.2009.02000.x","https://doi.org/10.1111/j.1365-2486.2009.02000.x","Buisson, LAËTITIA, et al. “Uncertainty in Ensemble Forecasting of Species Distribution.” Global Change Biology, vol. 16, no. 4, 2010, pp. 1145–57, https://doi.org/10.1111/j.1365-2486.2009.02000.x.","journal-article","Zotero bibliography","Core criterion","Prediction 24: Modelling and parameter uncertainty are dealt with; Projection 24: Modelling and parameter uncertainty are dealt with","","","","","matched_zotero_author_year","Matched to the Zotero bibliography by a unique first-author and publication-year combination."
"chardon_2019","Chardon et al. 2019","Chardon et al. 2019","","2019","","","","","","","https://search.crossref.org/?q=Chardon%20et%20al.%202019","","","Unresolved","Related criterion","","Prediction 5: Genotype and phenotype stability","","","","not_found_in_zotero","Not found in the supplied Zotero bibliography. The hyperlink opens a Crossref search; bibliographic details require review."
"charney_2021","Charney et al. 2021","Charney et al. 2021","Charney, Noah D., et al.","2021","A Test of Species Distribution Model Transferability Across Environmental and Geographic Space for 108 Western North American Tree Species","Frontiers in Ecology and Evolution","","","","10.3389/fevo.2021.689295","https://doi.org/10.3389/fevo.2021.689295","Charney, Noah D., et al. “A Test of Species Distribution Model Transferability Across Environmental and Geographic Space for 108 Western North American Tree Species.” Frontiers in Ecology and Evolution, Volume 9-2021, 2021, https://doi.org/10.3389/fevo.2021.689295.","journal-article","Zotero bibliography","Core criterion","Projection 34: Model transferability is accurate","","","","","matched_zotero_author_year","Matched to the Zotero bibliography by a unique first-author and publication-year combination."
"chauvier_2022","Chauvier et al. 2022","Chauvier et al. 2022","Chauvier, Yohann, et al.","2022","Resolution in Species Distribution Models Shapes Spatial Patterns of Plant Multifaceted Diversity","Ecography","2022","10","e05973","10.1111/ecog.05973","https://doi.org/10.1111/ecog.05973","Chauvier, Yohann, et al. “Resolution in Species Distribution Models Shapes Spatial Patterns of Plant Multifaceted Diversity.” Ecography, vol. 2022, no. 10, 2022, p. e05973, https://doi.org/10.1111/ecog.05973.","journal-article","Zotero bibliography","Core criterion","Prediction 16.1: Predictors resolution matches response scale (spatial); Projection 16.1: Predictors resolution matches response scale (spatial)","","","","","matched_zotero_author_year","Matched to the Zotero bibliography by a unique first-author and publication-year combination."
"cheaib_2012","Cheaib et al. 2012","Cheaib et al. 2012","Cheaib, Alissar, et al.","2012","Climate Change Impacts on Tree Ranges: Model Intercomparison Facilitates Understanding and Quantification of Uncertainty","Ecology Letters","15","6","533–44","10.1111/j.1461-0248.2012.01764.x","https://doi.org/10.1111/j.1461-0248.2012.01764.x","Cheaib, Alissar, et al. “Climate Change Impacts on Tree Ranges: Model Intercomparison Facilitates Understanding and Quantification of Uncertainty.” Ecology Letters, vol. 15, no. 6, 2012, pp. 533–44, https://doi.org/10.1111/j.1461-0248.2012.01764.x.","journal-article","Zotero bibliography","Core criterion","Prediction 19: Uncertainty in predictor variables is accounted for; Projection 19: Uncertainty in predictor variables is accounted for","","","","","matched_zotero_author_year","Matched to the Zotero bibliography by a unique first-author and publication-year combination."
"chevalier_2021","Chevalier et al. 2021","Chevalier et al. 2021","Chevalier, Mathieu, et al.","2022","Accounting for Niche Truncation to Improve Spatial and Temporal Predictions of Species Distributions","Frontiers in Ecology and Evolution","","","","10.3389/fevo.2022.944116","https://doi.org/10.3389/fevo.2022.944116","Chevalier, Mathieu, et al. “Accounting for Niche Truncation to Improve Spatial and Temporal Predictions of Species Distributions.” Frontiers in Ecology and Evolution, Volume 10-2022, 2022, https://doi.org/10.3389/fevo.2022.944116.","journal-article","Zotero bibliography","Core criterion","Prediction 10: Species data covers the environmental extent; Prediction 21.1: Model complexity and structure are appropriate (under fit models); Projection 10: Species data covers the environmental extent; Projection 21.1: Model complexity and structure are appropriate (under fit models)","","","","","probable_zotero_match_review","Probable Zotero match. The app source cites ""Chevalier et al. 2021""; Zotero gives first author ""Chevalier"" and publication year 2022. Confirm the author/year and update the source citation if appropriate."
"chevalier_2022","Chevalier et al. 2022","Chevalier et al. 2022","Chevalier, Mathieu, et al.","2022","Accounting for Niche Truncation to Improve Spatial and Temporal Predictions of Species Distributions","Frontiers in Ecology and Evolution","","","","10.3389/fevo.2022.944116","https://doi.org/10.3389/fevo.2022.944116","Chevalier, Mathieu, et al. “Accounting for Niche Truncation to Improve Spatial and Temporal Predictions of Species Distributions.” Frontiers in Ecology and Evolution, Volume 10-2022, 2022, https://doi.org/10.3389/fevo.2022.944116.","journal-article","Zotero bibliography","Core criterion","Prediction 10: Species data covers the environmental extent; Projection 10: Species data covers the environmental extent; Projection 2: Niche stability","","","","","matched_zotero_author_year","Matched to the Zotero bibliography by a unique first-author and publication-year combination."
"cobos_2019","Cobos et al. 2019","Cobos et al. 2019","","2019","","","","","","","https://search.crossref.org/?q=Cobos%20et%20al.%202019","","","Unresolved","Related criterion","","Prediction 29: Predictor variables are appropriately reduced, if applicable; Projection 29: Predictor variables are appropriately reduced, if applicable","","","","not_found_in_zotero","Not found in the supplied Zotero bibliography. The hyperlink opens a Crossref search; bibliographic details require review."
"comte_2013","Comte & Grenoulliet 2013","Comte & Grenoulliet 2013","","2013","","","","","","","https://search.crossref.org/?q=Comte%20%26%20Grenoulliet%202013","","","Unresolved","Core criterion","Prediction 14: Perfect detection ; Projection 14: Perfect detection","","","","","not_found_in_zotero","Not found in the supplied Zotero bibliography. The hyperlink opens a Crossref search; bibliographic details require review."
"connor_2017","Connor et al. 2017","Connor et al. 2017","Connor, Thomas, et al.","2018","Effects of Grain Size and Niche Breadth on Species Distribution Modeling","Ecography","41","8","1270–82","10.1111/ecog.03416","https://doi.org/10.1111/ecog.03416","Connor, Thomas, et al. “Effects of Grain Size and Niche Breadth on Species Distribution Modeling.” Ecography, vol. 41, no. 8, 2018, pp. 1270–82, https://doi.org/10.1111/ecog.03416.","journal-article","Zotero bibliography","Core criterion","Prediction 16.1: Predictors resolution matches response scale (spatial); Projection 16.1: Predictors resolution matches response scale (spatial)","","","","","probable_zotero_match_review","Probable Zotero match. The app source cites ""Connor et al. 2017""; Zotero gives first author ""Connor"" and publication year 2018. Confirm the author/year and update the source citation if appropriate."
"cordier_2020","Cordier et al. 2020","Cordier et al. 2020","","2020","","","","","","","https://search.crossref.org/?q=Cordier%20et%20al.%202020","","","Unresolved","Model application","","","Invasion risk screening","","","not_found_in_zotero","Not found in the supplied Zotero bibliography. The hyperlink opens a Crossref search; bibliographic details require review."
"costa_2015","Costa et al. 2015","Costa et al. 2015","Costa, Hugo, et al.","2015","Impacts of Species Misidentification on Species Distribution Modeling with Presence-Only Data","ISPRS International Journal of Geo-Information","4","4","2496–518","10.3390/ijgi4042496","https://doi.org/10.3390/ijgi4042496","Costa, Hugo, et al. “Impacts of Species Misidentification on Species Distribution Modeling with Presence-Only Data.” ISPRS International Journal of Geo-Information, vol. 4, no. 4, 2015, pp. 2496–518, https://doi.org/10.3390/ijgi4042496.","journal-article","Zotero bibliography","Core criterion","Prediction 7: Correct taxonomic identification; Projection 7: Correct taxonomic identification","","","","","matched_zotero_author_year","Matched to the Zotero bibliography by a unique first-author and publication-year combination."
"davis_2005","Davis et al. 2005","Davis et al. 2005","Davis, Margaret B., et al.","2005","Evolutionary Responses to Changing Climate","Ecology","86","7","1704–14","10.1890/03-0788","https://doi.org/10.1890/03-0788","Davis, Margaret B., et al. “Evolutionary Responses to Changing Climate.” Ecology, vol. 86, no. 7, 2005, pp. 1704–14, https://doi.org/10.1890/03-0788.","journal-article","Zotero bibliography","Related criterion","","Prediction 5: Genotype and phenotype stability","","","","matched_zotero_author_year","Matched to the Zotero bibliography by a unique first-author and publication-year combination."
"dietze_2018","Dietze et al. 2018","Dietze et al. 2018","","2018","","","","","","","https://search.crossref.org/?q=Dietze%20et%20al.%202018","","","Unresolved","Core criterion","Prediction 24: Modelling and parameter uncertainty are dealt with; Projection 24: Modelling and parameter uncertainty are dealt with","","","","","not_found_in_zotero","Not found in the supplied Zotero bibliography. The hyperlink opens a Crossref search; bibliographic details require review."
"dormann_2007","Dormann et al. 2007","Dormann et al. 2007","Dormann, Carsten F, et al.","2007","Methods to Account for Spatial Autocorrelation in the Analysis of Species Distributional Data: A Review","Ecography","30","5","609–28","10.1111/j.2007.0906-7590.05171.x","https://doi.org/10.1111/j.2007.0906-7590.05171.x","Dormann, Carsten F, et al. “Methods to Account for Spatial Autocorrelation in the Analysis of Species Distributional Data: A Review.” Ecography, vol. 30, no. 5, 2007, pp. 609–28, https://doi.org/10.1111/j.2007.0906-7590.05171.x.","journal-article","Zotero bibliography","Core criterion","Prediction 13: Independence of species observations; Projection 13: Independence of species observations","","","","","matched_zotero_author_year","Matched to the Zotero bibliography by a unique first-author and publication-year combination."
"dormann_2013","Dormann et al. 2013","Dormann et al. 2013","Dormann, Carsten F., et al.","2013","Collinearity: A Review of Methods to Deal with It and a Simulation Study Evaluating Their Performance","Ecography","36","1","27–46","10.1111/j.1600-0587.2012.07348.x","https://doi.org/10.1111/j.1600-0587.2012.07348.x","Dormann, Carsten F., et al. “Collinearity: A Review of Methods to Deal with It and a Simulation Study Evaluating Their Performance.” Ecography, vol. 36, no. 1, 2013, pp. 27–46, https://doi.org/10.1111/j.1600-0587.2012.07348.x.","journal-article","Zotero bibliography","Core criterion; Related criterion","Prediction 23: Collinearity in predictors is treated","Prediction 29: Predictor variables are appropriately reduced, if applicable; Projection 23: Collinearity in predictors is treated; Projection 29: Predictor variables are appropriately reduced, if applicable","","","","matched_zotero_author_year","Matched to the Zotero bibliography by a unique first-author and publication-year combination."
"dubos_2022","Dubos et al. 2022","Dubos et al. 2022","Dubos, Nicolas, et al.","2022","Assessing the Effect of Sample Bias Correction in Species Distribution Models","Ecological Indicators","145","","109487","10.1016/j.ecolind.2022.109487","https://doi.org/10.1016/j.ecolind.2022.109487","Dubos, Nicolas, et al. “Assessing the Effect of Sample Bias Correction in Species Distribution Models.” Ecological Indicators, vol. 145, 2022, p. 109487, https://doi.org/10.1016/j.ecolind.2022.109487.","journal-article","Zotero bibliography","Core criterion","Prediction 10: Species data covers the environmental extent; Prediction 21.1: Model complexity and structure are appropriate (under fit models); Projection 10: Species data covers the environmental extent; Projection 21.1: Model complexity and structure are appropriate (under fit models)","","","","","matched_zotero_author_year","Matched to the Zotero bibliography by a unique first-author and publication-year combination."
"evans_2013","Evans et al. 2013","Evans et al. 2013","Evans, Matthew R., et al.","2013","Do Simple Models Lead to Generality in Ecology?","Trends in Ecology & Evolution","28","10","578–83","10.1016/j.tree.2013.05.022","https://doi.org/10.1016/j.tree.2013.05.022","Evans, Matthew R., et al. “Do Simple Models Lead to Generality in Ecology?” Trends in Ecology & Evolution, vol. 28, no. 10, Oct. 2013, pp. 578–83, https://doi.org/10.1016/j.tree.2013.05.022.","journal-article","Zotero bibliography","Core criterion","Prediction 21.1: Model complexity and structure are appropriate (under fit models); Projection 21.1: Model complexity and structure are appropriate (under fit models)","","","","","matched_zotero_author_year","Matched to the Zotero bibliography by a unique first-author and publication-year combination."
"evans_2015","Evans et al. 2015","Evans et al. 2015","","2015","","","","","","","https://search.crossref.org/?q=Evans%20et%20al.%202015","","","Unresolved","Related criterion","","Prediction 3: No dispersal limitation; Projection 3: No dispersal limitation","","","","not_found_in_zotero","Not found in the supplied Zotero bibliography. The hyperlink opens a Crossref search; bibliographic details require review."
"farrel_2019","Farrel et al. 2019","Farrel et al. 2019","","2019","","","","","","","https://search.crossref.org/?q=Farrel%20et%20al.%202019","","","Unresolved","Related criterion","","Prediction 29: Predictor variables are appropriately reduced, if applicable; Projection 29: Predictor variables are appropriately reduced, if applicable","","","","not_found_in_zotero","Not found in the supplied Zotero bibliography. The hyperlink opens a Crossref search; bibliographic details require review."
"feng_2019","Feng et al. 2019","Feng et al. 2019","Feng, Xiao, Daniel S. Park, et al.","2019","Collinearity in Ecological Niche Modeling: Confusions and Challenges","Ecology and Evolution","9","18","10365–76","10.1002/ece3.5555","https://doi.org/10.1002/ece3.5555","Feng, Xiao, Daniel S. Park, et al. “Collinearity in Ecological Niche Modeling: Confusions and Challenges.” Ecology and Evolution, vol. 9, no. 18, 2019, pp. 10365–76, https://doi.org/10.1002/ece3.5555.","journal-article","Zotero bibliography","Related criterion","","Prediction 29: Predictor variables are appropriately reduced, if applicable; Projection 17: Predictors are relevant for the species response; Projection 20: Non-novel conditions; Projection 29: Predictor variables are appropriately reduced, if applicable","","","","matched_zotero_author_year","Matched to the Zotero bibliography by a unique first-author and publication-year combination."
"fern_2019","Fern et al. 2019","Fern et al. 2019","Fern, Rachel R., et al.","2019","Incorporating Biotic Relationships Improves Species Distribution Models: Modeling the Temporal Influence of Competition in Conspecific Nesting Birds","Ecological Modelling","408","","108743","10.1016/j.ecolmodel.2019.108743","https://doi.org/10.1016/j.ecolmodel.2019.108743","Fern, Rachel R., et al. “Incorporating Biotic Relationships Improves Species Distribution Models: Modeling the Temporal Influence of Competition in Conspecific Nesting Birds.” Ecological Modelling, vol. 408, 2019, p. 108743, https://doi.org/10.1016/j.ecolmodel.2019.108743.","journal-article","Zotero bibliography","Core criterion","Prediction 21.2: Model complexity and structure are appropriate (over fit models); Prediction 4.1: Eltonian noise (positive interactions); Projection 21.2: Model complexity and structure are appropriate (over fit models); Projection 4.1: Eltonian noise (positive interactions)","","","","","matched_zotero_author_year","Matched to the Zotero bibliography by a unique first-author and publication-year combination."
"finn_2024","Finn et al. 2024","Finn et al. 2024","Finn, Kaegan J., et al.","2024","Deciding Where to Put Them: Sensitivity Tests and Independent Evaluation Are Critical When Using Species Distribution Models to Inform Conservation Translocations","Journal of Applied Ecology","61","4","713–32","10.1111/1365-2664.14616","https://doi.org/10.1111/1365-2664.14616","Finn, Kaegan J., et al. “Deciding Where to Put Them: Sensitivity Tests and Independent Evaluation Are Critical When Using Species Distribution Models to Inform Conservation Translocations.” Journal of Applied Ecology, vol. 61, no. 4, 2024, pp. 713–32, https://doi.org/10.1111/1365-2664.14616.","journal-article","Zotero bibliography","Related criterion","","Prediction 32: Model training and validation datasets are appropriate; Projection 32: Model training and validation datasets are appropriate","","","","matched_zotero_author_year","Matched to the Zotero bibliography by a unique first-author and publication-year combination."
"foden_2007","Foden et al. 2007","Foden et al. 2007","Foden, Wendy, et al.","2007","A Changing Climate Is Eroding the Geographical Range of the Namib Desert Tree Aloe through Population Declines and Dispersal Lags","Diversity and Distributions","13","5","645–53","10.1111/j.1472-4642.2007.00391.x","https://doi.org/10.1111/j.1472-4642.2007.00391.x","Foden, Wendy, et al. “A Changing Climate Is Eroding the Geographical Range of the Namib Desert Tree Aloe through Population Declines and Dispersal Lags.” Diversity and Distributions, vol. 13, no. 5, 2007, pp. 645–53, https://doi.org/10.1111/j.1472-4642.2007.00391.x.","journal-article","Zotero bibliography","Core criterion","Prediction 1: Species-environment equilibrium; Projection 1: Species-environment equilibrium","","","","","matched_zotero_author_year","Matched to the Zotero bibliography by a unique first-author and publication-year combination."
"foster_2022","Foster et al. 2022","Foster et al. 2022","Foster, Sharla L., et al.","2022","Testing the Assumption of Environmental Equilibrium in an Invasive Plant Species over a 130 Year History","Ecography","2022","12","e12933","10.1111/ecog.06284","https://doi.org/10.1111/ecog.06284","Foster, Sharla L., et al. “Testing the Assumption of Environmental Equilibrium in an Invasive Plant Species over a 130 Year History.” Ecography, vol. 2022, no. 12, 2022, p. e12933, https://doi.org/10.1111/ecog.06284.","journal-article","Zotero bibliography","Core criterion; Related criterion","Prediction 1: Species-environment equilibrium; Projection 1: Species-environment equilibrium","Prediction 3: No dispersal limitation; Projection 3: No dispersal limitation","","","","matched_zotero_author_year","Matched to the Zotero bibliography by a unique first-author and publication-year combination."
"fourcade_2014","Fourcade et al. 2014","Fourcade et al. 2014","Fourcade, Yoan, Jan O. Engler, et al.","2014","Mapping Species Distributions with MAXENT Using a Geographically Biased Sample of Presence Data: A Performance Assessment of Methods for Correcting Sampling Bias","PLOS ONE","9","5","1–13","10.1371/journal.pone.0097122","https://doi.org/10.1371/journal.pone.0097122","Fourcade, Yoan, Jan O. Engler, et al. “Mapping Species Distributions with MAXENT Using a Geographically Biased Sample of Presence Data: A Performance Assessment of Methods for Correcting Sampling Bias.” PLOS ONE, vol. 9, no. 5, May 2014, pp. 1–13, https://doi.org/10.1371/journal.pone.0097122.","journal-article","Zotero bibliography","Related criterion","","Prediction 22: Biases and noise in species datasets are treated ; Prediction 6: Understanding the ecological processes driving species distribution and abundances; Projection 22: Biases and noise in species datasets are treated ; Projection 6: Understanding the ecological processes driving species distribution and abundances","","","","matched_zotero_author_year","Matched to the Zotero bibliography by a unique first-author and publication-year combination."
"fourcade_2018","Fourcade et al. 2018","Fourcade et al. 2018","Fourcade, Yoan, Aurélien G. Besnard, et al.","2018","Paintings Predict the Distribution of Species, or the Challenge of Selecting Environmental Predictors and Evaluation Statistics","Global Ecology and Biogeography","27","2","245–56","10.1111/geb.12684","https://doi.org/10.1111/geb.12684","Fourcade, Yoan, Aurélien G. Besnard, et al. “Paintings Predict the Distribution of Species, or the Challenge of Selecting Environmental Predictors and Evaluation Statistics.” Global Ecology and Biogeography, vol. 27, no. 2, 2018, pp. 245–56, https://doi.org/10.1111/geb.12684.","journal-article","Zotero bibliography","Related criterion","","Prediction 32: Model training and validation datasets are appropriate; Projection 32: Model training and validation datasets are appropriate","","","","matched_zotero_author_year","Matched to the Zotero bibliography by a unique first-author and publication-year combination."
"franks_2007","Franks et al. 2007","Franks et al. 2007","","2007","","","","","","","https://search.crossref.org/?q=Franks%20et%20al.%202007","","","Unresolved","Core criterion; Related criterion","Prediction 2: Niche stability; Projection 2: Niche stability","Prediction 5: Genotype and phenotype stability","","","","not_found_in_zotero","Not found in the supplied Zotero bibliography. The hyperlink opens a Crossref search; bibliographic details require review."
"gabor_2020","Gábor et al. 2020","Gábor et al. 2020","Gábor, Lukáš, Vítězslav Moudrý, et al.","2020","The Effect of Positional Error on Fine Scale Species Distribution Models Increases for Specialist Species","Ecography","43","2","256–69","10.1111/ecog.04687","https://doi.org/10.1111/ecog.04687","Gábor, Lukáš, Vítězslav Moudrý, et al. “The Effect of Positional Error on Fine Scale Species Distribution Models Increases for Specialist Species.” Ecography, vol. 43, no. 2, 2020, pp. 256–69, https://doi.org/10.1111/ecog.04687.","journal-article","Zotero bibliography","Core criterion; Related criterion","Prediction 8: Lack of spatial positional error; Projection 8: Lack of spatial positional error","Prediction 15: Predictors spatial resolution matches species data; Projection 15: Predictors spatial resolution matches species data","","","","matched_zotero_author_year","Matched to the Zotero bibliography by a unique first-author and publication-year combination."
"gabor_2022","Gábor et al. 2022","Gábor et al. 2022","Gábor, Lukáš, Walter Jetz, et al.","2022","Positional Errors in Species Distribution Modelling Are Not Overcome by the Coarser Grains of Analysis","Methods in Ecology and Evolution","13","10","2289–302","10.1111/2041-210X.13956","https://doi.org/10.1111/2041-210X.13956","Gábor, Lukáš, Walter Jetz, et al. “Positional Errors in Species Distribution Modelling Are Not Overcome by the Coarser Grains of Analysis.” Methods in Ecology and Evolution, vol. 13, no. 10, 2022, pp. 2289–302, https://doi.org/10.1111/2041-210X.13956.","journal-article","Zotero bibliography","Core criterion; Related criterion","Prediction 8: Lack of spatial positional error; Projection 8: Lack of spatial positional error","Prediction 15: Predictors spatial resolution matches species data; Projection 15: Predictors spatial resolution matches species data","","","","matched_zotero_author_year","Matched to the Zotero bibliography by a unique first-author and publication-year combination."
"gallien_2010","Gallien et al. 2010","Gallien et al. 2010","","2010","","","","","","","https://search.crossref.org/?q=Gallien%20et%20al.%202010","","","Unresolved","Core criterion","Prediction 2: Niche stability; Projection 2: Niche stability","","","","","not_found_in_zotero","Not found in the supplied Zotero bibliography. The hyperlink opens a Crossref search; bibliographic details require review."
"gallien_2012","Gallien et al. 2012","Gallien et al. 2012","Gallien, Laure, et al.","2012","Invasive Species Distribution Models – How Violating the Equilibrium Assumption Can Create New Insights","Global Ecology and Biogeography","21","11","1126–36","10.1111/j.1466-8238.2012.00768.x","https://doi.org/10.1111/j.1466-8238.2012.00768.x","Gallien, Laure, et al. “Invasive Species Distribution Models – How Violating the Equilibrium Assumption Can Create New Insights.” Global Ecology and Biogeography, vol. 21, no. 11, Nov. 2012, pp. 1126–36, https://doi.org/10.1111/j.1466-8238.2012.00768.x.","journal-article","Zotero bibliography","Core criterion; Related criterion","Prediction 1: Species-environment equilibrium; Prediction 2: Niche stability; Projection 1: Species-environment equilibrium; Projection 2: Niche stability","Prediction 3: No dispersal limitation; Projection 3: No dispersal limitation","","","","matched_zotero_author_year","Matched to the Zotero bibliography by a unique first-author and publication-year combination."
"guevara_2017","Guevara et al. 2017","Guevara et al. 2017","Guevara, Lázaro, et al.","2018","Toward Ecologically Realistic Predictions of Species Distributions: A Cross-Time Example from Tropical Montane Cloud Forests","Global Change Biology","24","4","1511–22","10.1111/gcb.13992","https://doi.org/10.1111/gcb.13992","Guevara, Lázaro, et al. “Toward Ecologically Realistic Predictions of Species Distributions: A Cross-Time Example from Tropical Montane Cloud Forests.” Global Change Biology, vol. 24, no. 4, 2018, pp. 1511–22, https://doi.org/10.1111/gcb.13992.","journal-article","Zotero bibliography","Related criterion","","Prediction 33: Extrapolation approach is appropriate","","","","probable_zotero_match_review","Probable Zotero match. The app source cites ""Guevara et al. 2017""; Zotero gives first author ""Guevara"" and publication year 2018. Confirm the author/year and update the source citation if appropriate."
"guillaumot_2019","Guillaumot et al. 2019","Guillaumot et al. 2019","Guillaumot, Charlène, et al.","2019","Broad-Scale Species Distribution Models Applied to Data-Poor Areas","Progress in Oceanography","175","","198–207","10.1016/j.pocean.2019.04.007","https://doi.org/10.1016/j.pocean.2019.04.007","Guillaumot, Charlène, et al. “Broad-Scale Species Distribution Models Applied to Data-Poor Areas.” Progress in Oceanography, vol. 175, 2019, pp. 198–207, https://doi.org/10.1016/j.pocean.2019.04.007.","journal-article","Zotero bibliography","Core criterion","Prediction 30: Performance/evaluation metrics are appropriate; Projection 30: Performance/evaluation metrics are appropriate","","","","","matched_zotero_author_year","Matched to the Zotero bibliography by a unique first-author and publication-year combination."
"guisan_2007","Guisan et al. 2007","Guisan et al. 2007","Guisan, Antoine, Catherine H. Graham, et al.","2007","Sensitivity of Predictive Species Distribution Models to Change in Grain Size","Diversity and Distributions","13","3","332–40","10.1111/j.1472-4642.2007.00342.x","https://doi.org/10.1111/j.1472-4642.2007.00342.x","Guisan, Antoine, Catherine H. Graham, et al. “Sensitivity of Predictive Species Distribution Models to Change in Grain Size.” Diversity and Distributions, vol. 13, no. 3, 2007, pp. 332–40, https://doi.org/10.1111/j.1472-4642.2007.00342.x.","journal-article","Zotero bibliography","Core criterion; Related criterion","Prediction 16.1: Predictors resolution matches response scale (spatial); Projection 16.1: Predictors resolution matches response scale (spatial)","Prediction 15: Predictors spatial resolution matches species data; Projection 15: Predictors spatial resolution matches species data","","","","matched_zotero_author_year","Matched to the Zotero bibliography by a unique first-author and publication-year combination."
"guisan_2017","Guisan et al. 2017","Guisan et al. 2017","Guisan, Antoine, Wilfried Thuiller, et al.","2017","Habitat Suitability and Distribution Models: With Applications in R","","","","","","https://search.crossref.org/?q=Guisan%20et%20al.%202017","Guisan, Antoine, Wilfried Thuiller, et al. Habitat Suitability and Distribution Models: With Applications in R. 2017. Originally published by Cambridge.","book","Zotero bibliography","Core criterion; Related criterion","Prediction 10: Species data covers the environmental extent; Prediction 13: Independence of species observations; Prediction 16.1: Predictors resolution matches response scale (spatial); Prediction 16.2: Predictors resolution matches response scale (temporal); Prediction 30: Performance/evaluation metrics are appropriate; Projection 10: Species data covers the environmental extent; Projection 13: Independence of species observations; Projection 16.1: Predictors resolution matches response scale (spatial); Projection 16.2: Predictors resolution matches response scale (temporal); Projection 30: Performance/evaluation metrics are appropriate","Prediction 11: Species data covers the geographic extent; Prediction 25: Training samples are representative; Prediction 26: Statistical methods and algorithms employed are appropriate; Prediction 27: Shape of the species and predictors relationships is appropriate ; Prediction 4.2: Eltonian noise (negative interactions); Prediction 9: Unbiased species data; Projection 11: Species data covers the geographic extent; Projection 25: Training samples are representative; Projection 26: Statistical methods and algorithms employed are appropriate; Projection 27: Shape of the species and predictors relationships is appropriate ; Projection 4.2: Eltonian noise (negative interactions); Projection 9: Unbiased species data","","","","matched_zotero_author_year","Matched to the Zotero bibliography by a unique first-author and publication-year combination."
"guisan_2025","Guisan et al. 2025","Guisan et al. 2025","Guisan, Antoine, Mathieu Chevalier, et al.","2025","Spatially Nested Species Distribution Models (N-SDM): An Effective Tool to Overcome Niche Truncation for More Robust Inference and Projections","Journal of Ecology","113","7","1588–605","10.1111/1365-2745.70063","https://doi.org/10.1111/1365-2745.70063","Guisan, Antoine, Mathieu Chevalier, et al. “Spatially Nested Species Distribution Models (N-SDM): An Effective Tool to Overcome Niche Truncation for More Robust Inference and Projections.” Journal of Ecology, vol. 113, no. 7, 2025, pp. 1588–605, https://doi.org/10.1111/1365-2745.70063.","journal-article","Zotero bibliography","Core criterion; Related criterion","Prediction 1: Species-environment equilibrium; Prediction 10: Species data covers the environmental extent; Prediction 13: Independence of species observations; Prediction 21.1: Model complexity and structure are appropriate (under fit models); Prediction 31: Setting an appropriate threshold, if applicable; Projection 1: Species-environment equilibrium; Projection 10: Species data covers the environmental extent; Projection 13: Independence of species observations; Projection 21.1: Model complexity and structure are appropriate (under fit models); Projection 31: Setting an appropriate threshold, if applicable","Prediction 11: Species data covers the geographic extent; Prediction 25: Training samples are representative; Prediction 4.2: Eltonian noise (negative interactions); Projection 11: Species data covers the geographic extent; Projection 25: Training samples are representative; Projection 4.2: Eltonian noise (negative interactions)","","","","matched_zotero_author_year","Matched to the Zotero bibliography by a unique first-author and publication-year combination."
"haddou_2022","Haddou et al. 2022","Haddou et al. 2022","Haddou, Yacob, et al.","2022","Widespread Extinction Debts and Colonization Credits in United States Breeding Bird Communities","Nature Ecology & Evolution","6","3","324–31","10.1038/s41559-021-01653-3","https://doi.org/10.1038/s41559-021-01653-3","Haddou, Yacob, et al. “Widespread Extinction Debts and Colonization Credits in United States Breeding Bird Communities.” Nature Ecology & Evolution, vol. 6, no. 3, Mar. 2022, pp. 324–31, https://doi.org/10.1038/s41559-021-01653-3.","journal-article","Zotero bibliography","Core criterion","Projection 1: Species-environment equilibrium","","","","","matched_zotero_author_year","Matched to the Zotero bibliography by a unique first-author and publication-year combination."
"hanspach_2010","Hanspach et al. 2010","Hanspach et al. 2010","","2010","","","","","","","https://search.crossref.org/?q=Hanspach%20et%20al.%202010","","","Unresolved","Core criterion","Prediction 1: Species-environment equilibrium; Projection 1: Species-environment equilibrium","","","","","not_found_in_zotero","Not found in the supplied Zotero bibliography. The hyperlink opens a Crossref search; bibliographic details require review."
"heikkinen_2006","Heikkinen et al. 2006","Heikkinen et al. 2006","Heikkinen, R. K., et al.","2006","Methods and Uncertainties in Bioclimatic Envelope Modelling under Climate Change","Progress in Physical Geography","30","6","751–77","10.1177/0309133306071957","https://doi.org/10.1177/0309133306071957","Heikkinen, R. K., et al. “Methods and Uncertainties in Bioclimatic Envelope Modelling under Climate Change.” Progress in Physical Geography, vol. 30, no. 6, 2006, pp. 751–77, https://doi.org/10.1177/0309133306071957.","journal-article","Zotero bibliography","Core criterion","Prediction 24: Modelling and parameter uncertainty are dealt with; Projection 24: Modelling and parameter uncertainty are dealt with","","","","","matched_zotero_author_year","Matched to the Zotero bibliography by a unique first-author and publication-year combination."
"heikkinen_2007","Heikkinen et al. 2007","Heikkinen et al. 2007","Heikkinen, R. K., et al.","2006","Methods and Uncertainties in Bioclimatic Envelope Modelling under Climate Change","Progress in Physical Geography","30","6","751–77","10.1177/0309133306071957","https://doi.org/10.1177/0309133306071957","Heikkinen, R. K., et al. “Methods and Uncertainties in Bioclimatic Envelope Modelling under Climate Change.” Progress in Physical Geography, vol. 30, no. 6, 2006, pp. 751–77, https://doi.org/10.1177/0309133306071957.","journal-article","Zotero bibliography","Core criterion; Related criterion","Prediction 4.1: Eltonian noise (positive interactions); Projection 4.1: Eltonian noise (positive interactions)","Prediction 4.2: Eltonian noise (negative interactions); Projection 4.2: Eltonian noise (negative interactions)","","","","probable_zotero_match_review","Probable Zotero match. The app source cites ""Heikkinen et al. 2007""; Zotero gives first author ""Heikkinen"" and publication year 2006. Confirm the author/year and update the source citation if appropriate."
"hernandez_2006","Hernandez et al. 2006","Hernandez et al. 2006","Hernandez, Pilar A., et al.","2006","The Effect of Sample Size and Species Characteristics on Performance of Different Species Distribution Modeling Methods","Ecography","29","5","773–85","10.1111/j.0906-7590.2006.04700.x","https://doi.org/10.1111/j.0906-7590.2006.04700.x","Hernandez, Pilar A., et al. “The Effect of Sample Size and Species Characteristics on Performance of Different Species Distribution Modeling Methods.” Ecography, vol. 29, no. 5, 2006, pp. 773–85, https://doi.org/10.1111/j.0906-7590.2006.04700.x.","journal-article","Zotero bibliography","Related criterion","","Prediction 11: Species data covers the geographic extent; Prediction 12: Species data sample size is appropriate; Prediction 18: All predictors relevant for the species response are included; Prediction 25: Training samples are representative; Prediction 9: Unbiased species data; Projection 11: Species data covers the geographic extent; Projection 12: Species data sample size is appropriate; Projection 18: All predictors relevant for the species response are included; Projection 25: Training samples are representative; Projection 9: Unbiased species data","","","","matched_zotero_author_year","Matched to the Zotero bibliography by a unique first-author and publication-year combination."
"hijmans_2012","Hijmans et al. 2012","Hijmans et al. 2012","","2012","","","","","","","https://search.crossref.org/?q=Hijmans%20et%20al.%202012","","","Unresolved","Related criterion","","Prediction 32: Model training and validation datasets are appropriate; Projection 32: Model training and validation datasets are appropriate","","","","not_found_in_zotero","Not found in the supplied Zotero bibliography. The hyperlink opens a Crossref search; bibliographic details require review."
"hintze_2021","Hintze et al. 2021","Hintze et al. 2021","Hintze, Frederico, et al.","2021","Bioacoustics for in Situ Validation of Species Distribution Modelling: An Example with Bats in Brazil","PLOS ONE","16","10","1–19","10.1371/journal.pone.0248797","https://doi.org/10.1371/journal.pone.0248797","Hintze, Frederico, et al. “Bioacoustics for in Situ Validation of Species Distribution Modelling: An Example with Bats in Brazil.” PLOS ONE, vol. 16, no. 10, Oct. 2021, pp. 1–19, https://doi.org/10.1371/journal.pone.0248797.","journal-article","Zotero bibliography","Related criterion","","Prediction 32: Model training and validation datasets are appropriate; Projection 32: Model training and validation datasets are appropriate","","","","matched_zotero_author_year","Matched to the Zotero bibliography by a unique first-author and publication-year combination."
"hong_2015","Hong & Cho 2015","Hong & Cho 2015","Hong, Jin-Kyung, and Jae-Chang Cho.","2015","Environmental Variables Shaping the Ecological Niche of Thaumarchaeota in Soil: Direct and Indirect Causal Effects","PLOS ONE","10","8","1–20","10.1371/journal.pone.0133763","https://doi.org/10.1371/journal.pone.0133763","Hong, Jin-Kyung, and Jae-Chang Cho. “Environmental Variables Shaping the Ecological Niche of Thaumarchaeota in Soil: Direct and Indirect Causal Effects.” PLOS ONE, vol. 10, no. 8, Aug. 2015, pp. 1–20, https://doi.org/10.1371/journal.pone.0133763.","journal-article","Zotero bibliography","Related criterion","","Prediction 17: Predictors are relevant for the species response; Projection 17: Predictors are relevant for the species response","","","","matched_zotero_author_year","Matched to the Zotero bibliography by a unique first-author and publication-year combination."
"jeschke_2008","Jeschke & Strayer 2008","Jeschke & Strayer 2008","Jeschke, Jonathan M., and David L. Strayer.","2008","Usefulness of Bioclimatic Models for Studying Climate Change and Invasive Species","Annals of the New York Academy of Sciences","1134","1","1–24","10.1196/annals.1439.002","https://doi.org/10.1196/annals.1439.002","Jeschke, Jonathan M., and David L. Strayer. “Usefulness of Bioclimatic Models for Studying Climate Change and Invasive Species.” Annals of the New York Academy of Sciences, vol. 1134, no. 1, 2008, pp. 1–24, https://doi.org/10.1196/annals.1439.002.","journal-article","Zotero bibliography","Core criterion; Related criterion","Prediction 21.2: Model complexity and structure are appropriate (over fit models); Prediction 4.1: Eltonian noise (positive interactions); Projection 21.2: Model complexity and structure are appropriate (over fit models); Projection 4.1: Eltonian noise (positive interactions)","Prediction 3: No dispersal limitation; Prediction 5: Genotype and phenotype stability; Projection 3: No dispersal limitation","","","","matched_zotero_author_year","Matched to the Zotero bibliography by a unique first-author and publication-year combination."
"jiguet_2010","Jiguet et al. 2010","Jiguet et al. 2010","","2010","","","","","","","https://search.crossref.org/?q=Jiguet%20et%20al.%202010","","","Unresolved","Core criterion","Prediction 1: Species-environment equilibrium; Projection 1: Species-environment equilibrium","","","","","not_found_in_zotero","Not found in the supplied Zotero bibliography. The hyperlink opens a Crossref search; bibliographic details require review."
"kebede_2021","Kebede et al. 2021","Kebede et al. 2021","","2021","","","","","","","https://search.crossref.org/?q=Kebede%20et%20al.%202021","","","Unresolved","Related criterion","","Prediction 5: Genotype and phenotype stability","","","","not_found_in_zotero","Not found in the supplied Zotero bibliography. The hyperlink opens a Crossref search; bibliographic details require review."
"lawler_2006","Lawler et al. 2006","Lawler et al. 2006","Lawler, JOSHUA J., et al.","2006","Predicting Climate-Induced Range Shifts: Model Differences and Model Reliability","Global Change Biology","12","8","1568–84","10.1111/j.1365-2486.2006.01191.x","https://doi.org/10.1111/j.1365-2486.2006.01191.x","Lawler, JOSHUA J., et al. “Predicting Climate-Induced Range Shifts: Model Differences and Model Reliability.” Global Change Biology, vol. 12, no. 8, 2006, pp. 1568–84, https://doi.org/10.1111/j.1365-2486.2006.01191.x.","journal-article","Zotero bibliography","Related criterion","","Prediction 26: Statistical methods and algorithms employed are appropriate; Projection 26: Statistical methods and algorithms employed are appropriate","","","","matched_zotero_author_year","Matched to the Zotero bibliography by a unique first-author and publication-year combination."
"liu_2005","Liu et al. 2005","Liu et al. 2005","","2005","","","","","","","https://search.crossref.org/?q=Liu%20et%20al.%202005","","","Unresolved","Core criterion","Prediction 31: Setting an appropriate threshold, if applicable; Projection 31: Setting an appropriate threshold, if applicable","","","","","not_found_in_zotero","Not found in the supplied Zotero bibliography. The hyperlink opens a Crossref search; bibliographic details require review."
"liu_2019","Liu et al. 2019","Liu et al. 2019","Liu, Canran, et al.","2019","The Effect of Sample Size on the Accuracy of Species Distribution Models: Considering Both Presences and Pseudo-Absences or Background Sites","Ecography","42","3","535–48","10.1111/ecog.03188","https://doi.org/10.1111/ecog.03188","Liu, Canran, et al. “The Effect of Sample Size on the Accuracy of Species Distribution Models: Considering Both Presences and Pseudo-Absences or Background Sites.” Ecography, vol. 42, no. 3, 2019, pp. 535–48, https://doi.org/10.1111/ecog.03188.","journal-article","Zotero bibliography","Related criterion","","Prediction 28: Background points or pseduo-absences are appropriate; Projection 28: Background points or pseduo-absences are appropriate","","","","matched_zotero_author_year","Matched to the Zotero bibliography by a unique first-author and publication-year combination."
"lobo_2008","Lobo et al. 2008","Lobo et al. 2008","Lobo, Jorge M., et al.","2008","AUC: A Misleading Measure of the Performance of Predictive Distribution Models","Global Ecology and Biogeography","17","2","145–51","10.1111/j.1466-8238.2007.00358.x","https://doi.org/10.1111/j.1466-8238.2007.00358.x","Lobo, Jorge M., et al. “AUC: A Misleading Measure of the Performance of Predictive Distribution Models.” Global Ecology and Biogeography, vol. 17, no. 2, 2008, pp. 145–51, https://doi.org/10.1111/j.1466-8238.2007.00358.x.","journal-article","Zotero bibliography","Core criterion","Prediction 30: Performance/evaluation metrics are appropriate; Projection 30: Performance/evaluation metrics are appropriate","","","","","matched_zotero_author_year","Matched to the Zotero bibliography by a unique first-author and publication-year combination."
"lowen_2019","Lowen et al. 2019","Lowen et al. 2019","Lowen, J. Benjamin, et al.","2019","Assessing Effects of Genetic, Environmental, and Biotic Gradients in Species Distribution Modelling","ICES Journal of Marine Science","76","6","1762–75","10.1093/icesjms/fsz049","https://doi.org/10.1093/icesjms/fsz049","Lowen, J. Benjamin, et al. “Assessing Effects of Genetic, Environmental, and Biotic Gradients in Species Distribution Modelling.” ICES Journal of Marine Science, vol. 76, no. 6, Dec. 2019, pp. 1762–75, https://doi.org/10.1093/icesjms/fsz049.","journal-article","Zotero bibliography","Core criterion","Prediction 1: Species-environment equilibrium","","","","","matched_zotero_author_year","Matched to the Zotero bibliography by a unique first-author and publication-year combination."
"maldonado_2015","Maldonado et al. 2015","Maldonado et al. 2015","Maldonado, Carla, et al.","2015","Estimating Species Diversity and Distribution in the Era of Big Data: To What Extent Can We Trust Public Databases?","Global Ecology and Biogeography","24","8","973–84","10.1111/geb.12326","https://doi.org/10.1111/geb.12326","Maldonado, Carla, et al. “Estimating Species Diversity and Distribution in the Era of Big Data: To What Extent Can We Trust Public Databases?” Global Ecology and Biogeography, vol. 24, no. 8, 2015, pp. 973–84, https://doi.org/10.1111/geb.12326.","journal-article","Zotero bibliography","Core criterion","Prediction 7: Correct taxonomic identification; Projection 7: Correct taxonomic identification","","","","","matched_zotero_author_year","Matched to the Zotero bibliography by a unique first-author and publication-year combination."
"mandel_2010","Mandel et al. 2010","Mandel et al. 2010","","2010","","","","","","","https://search.crossref.org/?q=Mandel%20et%20al.%202010","","","Unresolved","Core criterion","Projection 2: Niche stability","","","","","not_found_in_zotero","Not found in the supplied Zotero bibliography. The hyperlink opens a Crossref search; bibliographic details require review."
"manzoor_2018","Manzoor et al. 2018","Manzoor et al. 2018","Manzoor, Syed Amir, et al.","2018","Species Distribution Model Transferability and Model Grain Size – Finer May Not Always Be Better","Scientific Reports","8","1","7168","10.1038/s41598-018-25437-1","https://doi.org/10.1038/s41598-018-25437-1","Manzoor, Syed Amir, et al. “Species Distribution Model Transferability and Model Grain Size – Finer May Not Always Be Better.” Scientific Reports, vol. 8, no. 1, May 2018, p. 7168, https://doi.org/10.1038/s41598-018-25437-1.","journal-article","Zotero bibliography","Core criterion","Prediction 16.1: Predictors resolution matches response scale (spatial); Projection 16.1: Predictors resolution matches response scale (spatial)","","","","","matched_zotero_author_year","Matched to the Zotero bibliography by a unique first-author and publication-year combination."
"marco_2008","Marco et al. 2008","Marco et al. 2008","De Marco, Jr, Paulo, et al.","2008","Spatial Analysis Improves Species Distribution Modelling during Range Expansion","Biology Letters","4","5","577–80","10.1098/rsbl.2008.0210","https://doi.org/10.1098/rsbl.2008.0210","De Marco, Jr, Paulo, et al. “Spatial Analysis Improves Species Distribution Modelling during Range Expansion.” Biology Letters, vol. 4, no. 5, July 2008, pp. 577–80, https://doi.org/10.1098/rsbl.2008.0210.","journal-article","Zotero bibliography","Related criterion","","Prediction 3: No dispersal limitation; Projection 3: No dispersal limitation","","","","matched_zotero_author_year","Matched to the Zotero bibliography by a unique first-author and publication-year combination."
"marjakangas_2023","Marjakangas et al. 2023","Marjakangas et al. 2023","Marjakangas, Emma-Liina, et al.","2023","Ecological Barriers Mediate Spatiotemporal Shifts of Bird Communities at a Continental Scale","Proceedings of the National Academy of Sciences","120","23","e2213330120","10.1073/pnas.2213330120","https://doi.org/10.1073/pnas.2213330120","Marjakangas, Emma-Liina, et al. “Ecological Barriers Mediate Spatiotemporal Shifts of Bird Communities at a Continental Scale.” Proceedings of the National Academy of Sciences, vol. 120, no. 23, 2023, p. e2213330120, https://doi.org/10.1073/pnas.2213330120.","journal-article","Zotero bibliography","Core criterion","Prediction 1: Species-environment equilibrium; Projection 1: Species-environment equilibrium","","","","","matched_zotero_author_year","Matched to the Zotero bibliography by a unique first-author and publication-year combination."
"martinez_meyer_2004","Martínez-Meyer et al. 2004","Martínez-Meyer et al. 2004","Martínez-Meyer, Enrique, et al.","2004","Ecological Niches as Stable Distributional Constraints on Mammal Species, with Implications for Pleistocene Extinctions and Climate Change Projections for Biodiversity","Global Ecology and Biogeography","13","4","305–14","10.1111/j.1466-822X.2004.00107.x","https://doi.org/10.1111/j.1466-822X.2004.00107.x","Martínez-Meyer, Enrique, et al. “Ecological Niches as Stable Distributional Constraints on Mammal Species, with Implications for Pleistocene Extinctions and Climate Change Projections for Biodiversity.” Global Ecology and Biogeography, vol. 13, no. 4, 2004, pp. 305–14, https://doi.org/10.1111/j.1466-822X.2004.00107.x.","journal-article","Zotero bibliography","Core criterion","Projection 34: Model transferability is accurate","","","","","matched_zotero_author_year","Matched to the Zotero bibliography by a unique first-author and publication-year combination."
"meller_2014","Meller et al. 2014","Meller et al. (2014)","","2014","","","","","","","https://search.crossref.org/?q=Meller%20et%20al.%202014","","","Unresolved","Glossary","","","","Model application","","not_found_in_zotero","Not found in the supplied Zotero bibliography. The hyperlink opens a Crossref search; bibliographic details require review."
"merow_2014","Merow et al. 2014","Merow et al. 2014","Merow, Cory, et al.","2014","What Do We Gain from Simplicity versus Complexity in Species Distribution Models?","Ecography","37","12","1267–81","10.1111/ecog.00845","https://doi.org/10.1111/ecog.00845","Merow, Cory, et al. “What Do We Gain from Simplicity versus Complexity in Species Distribution Models?” Ecography, vol. 37, no. 12, 2014, pp. 1267–81, https://doi.org/10.1111/ecog.00845.","journal-article","Zotero bibliography","Core criterion; Related criterion","Prediction 21.1: Model complexity and structure are appropriate (under fit models); Prediction 21.2: Model complexity and structure are appropriate (over fit models); Projection 21.1: Model complexity and structure are appropriate (under fit models)","Prediction 27: Shape of the species and predictors relationships is appropriate ; Projection 27: Shape of the species and predictors relationships is appropriate","","","","matched_zotero_author_year","Matched to the Zotero bibliography by a unique first-author and publication-year combination."
"mesgaran_2014","Mesgaran et al. 2014","Mesgaran et al. 2014","Mesgaran, Mohsen B., et al.","2014","Here Be Dragons: A Tool for Quantifying Novelty Due to Covariate Range and Correlation Change When Projecting Species Distribution Models","Diversity and Distributions","20","10","1147–59","10.1111/ddi.12209","https://doi.org/10.1111/ddi.12209","Mesgaran, Mohsen B., et al. “Here Be Dragons: A Tool for Quantifying Novelty Due to Covariate Range and Correlation Change When Projecting Species Distribution Models.” Diversity and Distributions, vol. 20, no. 10, 2014, pp. 1147–59. Wiley Online Library, https://doi.org/10.1111/ddi.12209.","journal-article","Zotero bibliography","Core criterion; Related criterion","Projection 34: Model transferability is accurate","Prediction 15: Predictors spatial resolution matches species data; Prediction 17: Predictors are relevant for the species response; Prediction 33: Extrapolation approach is appropriate; Projection 15: Predictors spatial resolution matches species data; Projection 17: Predictors are relevant for the species response","","","","matched_zotero_author_year","Matched to the Zotero bibliography by a unique first-author and publication-year combination."
"meynard_2019","Meynard et al. 2019","Meynard et al. 2019","Meynard, Christine N., Boris Leroy, et al.","2019","Testing Methods in Species Distribution Modelling Using Virtual Species: What Have We Learnt and What Are We Missing?","Ecography","42","12","2021–36","10.1111/ecog.04385","https://doi.org/10.1111/ecog.04385","Meynard, Christine N., Boris Leroy, et al. “Testing Methods in Species Distribution Modelling Using Virtual Species: What Have We Learnt and What Are We Missing?” Ecography, vol. 42, no. 12, 2019, pp. 2021–36, https://doi.org/10.1111/ecog.04385.","journal-article","Zotero bibliography","Core criterion","Projection 34: Model transferability is accurate","","","","","matched_zotero_author_year","Matched to the Zotero bibliography by a unique first-author and publication-year combination."
"morley_2020","Morley et al. 2020","Morley et al. 2020","","2020","","","","","","","https://search.crossref.org/?q=Morley%20et%20al.%202020","","","Unresolved","Core criterion","Prediction 24: Modelling and parameter uncertainty are dealt with; Projection 24: Modelling and parameter uncertainty are dealt with","","","","","not_found_in_zotero","Not found in the supplied Zotero bibliography. The hyperlink opens a Crossref search; bibliographic details require review."
"moudry_2024","Moudrý et al. 2024","Moudrý et al. 2024","Moudrý, Vítězslav, et al.","2024","Optimising Occurrence Data in Species Distribution Models: Sample Size, Positional Uncertainty, and Sampling Bias Matter","Ecography","2024","12","e07294","10.1111/ecog.07294","https://doi.org/10.1111/ecog.07294","Moudrý, Vítězslav, et al. “Optimising Occurrence Data in Species Distribution Models: Sample Size, Positional Uncertainty, and Sampling Bias Matter.” Ecography, vol. 2024, no. 12, 2024, p. e07294, https://doi.org/10.1111/ecog.07294.","journal-article","Zotero bibliography","Related criterion","","Prediction 11: Species data covers the geographic extent; Prediction 12: Species data sample size is appropriate; Prediction 18: All predictors relevant for the species response are included; Prediction 25: Training samples are representative; Prediction 9: Unbiased species data; Projection 11: Species data covers the geographic extent; Projection 12: Species data sample size is appropriate; Projection 18: All predictors relevant for the species response are included; Projection 25: Training samples are representative; Projection 9: Unbiased species data","","","","matched_zotero_author_year","Matched to the Zotero bibliography by a unique first-author and publication-year combination."
"moudry_2025","Moudrý et al. 2025","Moudrý et al. 2025","Moudrý, Vítězslav, et al.","2024","Optimising Occurrence Data in Species Distribution Models: Sample Size, Positional Uncertainty, and Sampling Bias Matter","Ecography","2024","12","e07294","10.1111/ecog.07294","https://doi.org/10.1111/ecog.07294","Moudrý, Vítězslav, et al. “Optimising Occurrence Data in Species Distribution Models: Sample Size, Positional Uncertainty, and Sampling Bias Matter.” Ecography, vol. 2024, no. 12, 2024, p. e07294, https://doi.org/10.1111/ecog.07294.","journal-article","Zotero bibliography","Core criterion","Prediction 8: Lack of spatial positional error; Projection 8: Lack of spatial positional error","","","","","probable_zotero_match_review","Probable Zotero match. The app source cites ""Moudrý et al. 2025""; Zotero gives first author ""Moudrý"" and publication year 2024. Confirm the author/year and update the source citation if appropriate."
"muhling_2020","Muhling et al. 2020","Muhling et al. 2020","Muhling, Barbara A., et al.","2020","Predictability of Species Distributions Deteriorates Under Novel Environmental Conditions in the California Current System","Frontiers in Marine Science","","","","10.3389/fmars.2020.00589","https://doi.org/10.3389/fmars.2020.00589","Muhling, Barbara A., et al. “Predictability of Species Distributions Deteriorates Under Novel Environmental Conditions in the California Current System.” Frontiers in Marine Science, Volume 7-2020, 2020, https://doi.org/10.3389/fmars.2020.00589.","journal-article","Zotero bibliography","Core criterion","Projection 21.2: Model complexity and structure are appropriate (over fit models)","","","","","matched_zotero_author_year","Matched to the Zotero bibliography by a unique first-author and publication-year combination."
"naimi_2013","Naimi et al. 2013","Naimi et al. 2013","Naimi, Babak, et al.","2014","Where Is Positional Uncertainty a Problem for Species Distribution Modelling?","Ecography","37","2","191–203","10.1111/j.1600-0587.2013.00205.x","https://doi.org/10.1111/j.1600-0587.2013.00205.x","Naimi, Babak, et al. “Where Is Positional Uncertainty a Problem for Species Distribution Modelling?” Ecography, vol. 37, no. 2, 2014, pp. 191–203, https://doi.org/10.1111/j.1600-0587.2013.00205.x.","journal-article","Zotero bibliography","Core criterion","Prediction 8: Lack of spatial positional error; Projection 8: Lack of spatial positional error","","","","","probable_zotero_match_review","Probable Zotero match. The app source cites ""Naimi et al. 2013""; Zotero gives first author ""Naimi"" and publication year 2014. Confirm the author/year and update the source citation if appropriate."
"owen_2013","Owen et al. 2013","Owen et al. 2013","Owens, Hannah L., et al.","2013","Constraints on Interpretation of Ecological Niche Models by Limited Environmental Ranges on Calibration Areas","Ecological Modelling","263","","10–18","10.1016/j.ecolmodel.2013.04.011","https://doi.org/10.1016/j.ecolmodel.2013.04.011","Owens, Hannah L., et al. “Constraints on Interpretation of Ecological Niche Models by Limited Environmental Ranges on Calibration Areas.” Ecological Modelling, vol. 263, Aug. 2013, pp. 10–18. ScienceDirect, https://doi.org/10.1016/j.ecolmodel.2013.04.011.","journal-article","Zotero bibliography","Related criterion","","Prediction 33: Extrapolation approach is appropriate","","","","probable_zotero_match_review","Probable Zotero match. The app source cites ""Owen et al. 2013""; Zotero gives first author ""Owens"" and publication year 2013. Confirm the author/year and update the source citation if appropriate."
"paradinas_2023","Paradinas et al. 2023","Paradinas et al. 2023","Paradinas, Iosu, et al.","2023","Understanding Spatial Effects in Species Distribution Models","PLOS ONE","18","5","1–6","10.1371/journal.pone.0285463","https://doi.org/10.1371/journal.pone.0285463","Paradinas, Iosu, et al. “Understanding Spatial Effects in Species Distribution Models.” PLOS ONE, vol. 18, no. 5, May 2023, pp. 1–6, https://doi.org/10.1371/journal.pone.0285463.","journal-article","Zotero bibliography","Core criterion","Prediction 13: Independence of species observations; Projection 13: Independence of species observations","","","","","matched_zotero_author_year","Matched to the Zotero bibliography by a unique first-author and publication-year combination."
"pease_2022","Pease et al. 2022","Pease et al. 2022","Pease, Brent S., et al.","2022","Exploring Spatial Nonstationarity for Four Mammal Species Reveals Regional Variation in Environmental Relationships","Ecosphere","13","8","e4166","10.1002/ecs2.4166","https://doi.org/10.1002/ecs2.4166","Pease, Brent S., et al. “Exploring Spatial Nonstationarity for Four Mammal Species Reveals Regional Variation in Environmental Relationships.” Ecosphere, vol. 13, no. 8, 2022, p. e4166, https://doi.org/10.1002/ecs2.4166.","journal-article","Zotero bibliography","Core criterion","Prediction 2: Niche stability; Projection 2: Niche stability","","","","","matched_zotero_author_year","Matched to the Zotero bibliography by a unique first-author and publication-year combination."
"phillips_2009","Phillips et al. 2009","Phillips et al. 2009","Phillips, Steven J., et al.","2009","Sample Selection Bias and Presence-Only Distribution Models: Implications for Background and Pseudo-Absence Data","Ecological Applications","19","1","181–97","10.1890/07-2153.1","https://doi.org/10.1890/07-2153.1","Phillips, Steven J., et al. “Sample Selection Bias and Presence-Only Distribution Models: Implications for Background and Pseudo-Absence Data.” Ecological Applications, vol. 19, no. 1, 2009, pp. 181–97, https://doi.org/10.1890/07-2153.1.","journal-article","Zotero bibliography","Related criterion","","Prediction 22: Biases and noise in species datasets are treated ; Prediction 28: Background points or pseduo-absences are appropriate; Projection 22: Biases and noise in species datasets are treated ; Projection 28: Background points or pseduo-absences are appropriate","","","","matched_zotero_author_year","Matched to the Zotero bibliography by a unique first-author and publication-year combination."
"pili_2025","Pili et al. 2025","Pili et al. 2025","Pili, Arman, et al.","2025","Correcting Environmental Sampling Bias Improves Transferability of Species Distribution Models","Ecography","2025","10","e08002","10.1002/ecog.08002","https://doi.org/10.1002/ecog.08002","Pili, Arman, et al. “Correcting Environmental Sampling Bias Improves Transferability of Species Distribution Models.” Ecography, vol. 2025, no. 10, 2025, p. e08002, https://doi.org/10.1002/ecog.08002.","journal-article","Zotero bibliography","Core criterion","Prediction 10: Species data covers the environmental extent; Projection 10: Species data covers the environmental extent","","","","","matched_zotero_author_year","Matched to the Zotero bibliography by a unique first-author and publication-year combination."
"platts_2014","Platts et al. 2014","Platts et al. (2014)","","2014","","","","","","","https://search.crossref.org/?q=Platts%20et%20al.%202014","","","Unresolved","Glossary","","","","Omission errors","","not_found_in_zotero","Not found in the supplied Zotero bibliography. The hyperlink opens a Crossref search; bibliographic details require review."
"proosdij_2015","Proosdij et al. 2015","Proosdij et al. 2015","","2015","","","","","","","https://search.crossref.org/?q=Proosdij%20et%20al.%202015","","","Unresolved","Related criterion","","Prediction 12: Species data sample size is appropriate; Projection 12: Species data sample size is appropriate","","","","not_found_in_zotero","Not found in the supplied Zotero bibliography. The hyperlink opens a Crossref search; bibliographic details require review."
"radomski_2022","Radomski et al. 2022","Radomski et al. 2022","","2022","","","","","","","https://search.crossref.org/?q=Radomski%20et%20al.%202022","","","Unresolved","Related criterion","","Prediction 12: Species data sample size is appropriate; Projection 12: Species data sample size is appropriate","","","","not_found_in_zotero","Not found in the supplied Zotero bibliography. The hyperlink opens a Crossref search; bibliographic details require review."
"ramampiandra_2023","Ramampiandra et al. 2023","Ramampiandra et al. 2023","","2023","","","","","","","https://search.crossref.org/?q=Ramampiandra%20et%20al.%202023","","","Unresolved","Core criterion","Prediction 21.1: Model complexity and structure are appropriate (under fit models); Prediction 21.2: Model complexity and structure are appropriate (over fit models); Projection 21.1: Model complexity and structure are appropriate (under fit models); Projection 21.2: Model complexity and structure are appropriate (over fit models)","","","","","not_found_in_zotero","Not found in the supplied Zotero bibliography. The hyperlink opens a Crossref search; bibliographic details require review."
"ranc_2017","Ranc et al. 2017","Ranc et al. 2017","Ranc, Nathan, et al.","2017","Performance Tradeoffs in Target-Group Bias Correction for Species Distribution Models","Ecography","40","9","1076–87","10.1111/ecog.02414","https://doi.org/10.1111/ecog.02414","Ranc, Nathan, et al. “Performance Tradeoffs in Target-Group Bias Correction for Species Distribution Models.” Ecography, vol. 40, no. 9, 2017, pp. 1076–87, https://doi.org/10.1111/ecog.02414.","journal-article","Zotero bibliography","Related criterion","","Prediction 22: Biases and noise in species datasets are treated ; Projection 22: Biases and noise in species datasets are treated","","","","matched_zotero_author_year","Matched to the Zotero bibliography by a unique first-author and publication-year combination."
"rangel_2018","Rangel et al. 2018","Rangel et al. 2018","Rangel, Thiago F., et al.","2018","Modeling the Ecology and Evolution of Biodiversity: Biogeographical Cradles, Museums, and Graves","Science","361","6399","eaar5452","10.1126/science.aar5452","https://doi.org/10.1126/science.aar5452","Rangel, Thiago F., et al. “Modeling the Ecology and Evolution of Biodiversity: Biogeographical Cradles, Museums, and Graves.” Science, vol. 361, no. 6399, July 2018, p. eaar5452, https://doi.org/10.1126/science.aar5452.","journal-article","Zotero bibliography","Core criterion","Projection 2: Niche stability","","","","","matched_zotero_author_year","Matched to the Zotero bibliography by a unique first-author and publication-year combination."
"rest_2014","Rest et al. 2014","Rest et al. 2014","Le Rest, Kévin, et al.","2014","Spatial Leave-One-out Cross-Validation for Variable Selection in the Presence of Spatial Autocorrelation","Global Ecology and Biogeography","23","7","811–20","10.1111/geb.12161","https://doi.org/10.1111/geb.12161","Le Rest, Kévin, et al. “Spatial Leave-One-out Cross-Validation for Variable Selection in the Presence of Spatial Autocorrelation.” Global Ecology and Biogeography, vol. 23, no. 7, 2014, pp. 811–20, https://doi.org/10.1111/geb.12161.","journal-article","Zotero bibliography","Related criterion","","Prediction 32: Model training and validation datasets are appropriate; Projection 32: Model training and validation datasets are appropriate","","","","matched_zotero_author_year","Matched to the Zotero bibliography by a unique first-author and publication-year combination."
"richmond_2010","Richmond et al. 2010","Richmond et al. 2010","Richmond, Orien M. W., et al.","2010","Is the Climate Right for Pleistocene Rewilding? Using Species Distribution Models to Extrapolate Climatic Suitability for Mammals across Continents","PLOS ONE","5","9","1–11","10.1371/journal.pone.0012899","https://doi.org/10.1371/journal.pone.0012899","Richmond, Orien M. W., et al. “Is the Climate Right for Pleistocene Rewilding? Using Species Distribution Models to Extrapolate Climatic Suitability for Mammals across Continents.” PLOS ONE, vol. 5, no. 9, Sept. 2010, pp. 1–11, https://doi.org/10.1371/journal.pone.0012899.","journal-article","Zotero bibliography","Core criterion; Related criterion","Prediction 1: Species-environment equilibrium; Prediction 21.2: Model complexity and structure are appropriate (over fit models); Prediction 4.1: Eltonian noise (positive interactions); Projection 1: Species-environment equilibrium; Projection 21.2: Model complexity and structure are appropriate (over fit models); Projection 4.1: Eltonian noise (positive interactions)","Prediction 25: Training samples are representative; Prediction 4.2: Eltonian noise (negative interactions); Prediction 9: Unbiased species data; Projection 20: Non-novel conditions; Projection 25: Training samples are representative; Projection 4.2: Eltonian noise (negative interactions); Projection 9: Unbiased species data","","","","matched_zotero_author_year","Matched to the Zotero bibliography by a unique first-author and publication-year combination."
"roberts_2016","Roberts et al. 2016","Roberts et al. 2016","Roberts, David R., et al.","2017","Cross-Validation Strategies for Data with Temporal, Spatial, Hierarchical, or Phylogenetic Structure","Ecography","40","8","913–29","10.1111/ecog.02881","https://doi.org/10.1111/ecog.02881","Roberts, David R., et al. “Cross-Validation Strategies for Data with Temporal, Spatial, Hierarchical, or Phylogenetic Structure.” Ecography, vol. 40, no. 8, 2017, pp. 913–29, https://doi.org/10.1111/ecog.02881.","journal-article","Zotero bibliography","Related criterion","","Prediction 33: Extrapolation approach is appropriate","","","","probable_zotero_match_review","Probable Zotero match. The app source cites ""Roberts et al. 2016""; Zotero gives first author ""Roberts"" and publication year 2017. Confirm the author/year and update the source citation if appropriate."
"roberts_2017","Roberts et al. 2017","Roberts et al. 2017","Roberts, David R., et al.","2017","Cross-Validation Strategies for Data with Temporal, Spatial, Hierarchical, or Phylogenetic Structure","Ecography","40","8","913–29","10.1111/ecog.02881","https://doi.org/10.1111/ecog.02881","Roberts, David R., et al. “Cross-Validation Strategies for Data with Temporal, Spatial, Hierarchical, or Phylogenetic Structure.” Ecography, vol. 40, no. 8, 2017, pp. 913–29, https://doi.org/10.1111/ecog.02881.","journal-article","Zotero bibliography","Core criterion","Projection 34: Model transferability is accurate","","","","","matched_zotero_author_year","Matched to the Zotero bibliography by a unique first-author and publication-year combination."
"rodriguez_2018","Rodríguez et al. 2018","Rodríguez et al. 2018","Rodríguez, Laura, et al.","2019","Integration of Physiological Knowledge into Hybrid Species Distribution Modelling to Improve Forecast of Distributional Shifts of Tropical Corals","Diversity and Distributions","25","5","715–28","10.1111/ddi.12883","https://doi.org/10.1111/ddi.12883","Rodríguez, Laura, et al. “Integration of Physiological Knowledge into Hybrid Species Distribution Modelling to Improve Forecast of Distributional Shifts of Tropical Corals.” Diversity and Distributions, vol. 25, no. 5, 2019, pp. 715–28, https://doi.org/10.1111/ddi.12883.","journal-article","Zotero bibliography","Related criterion","","Prediction 33: Extrapolation approach is appropriate","","","","probable_zotero_match_review","Probable Zotero match. The app source cites ""Rodríguez et al. 2018""; Zotero gives first author ""Rodríguez"" and publication year 2019. Confirm the author/year and update the source citation if appropriate."
"romero_2014","Romero et al. 2014","Romero et al. 2014","Romero, David, et al.","2014","Uncertainty in Distribution Forecasts Caused by Taxonomic Ambiguity under Climate Change Scenarios: A Case Study with Two Newt Species in Mainland Spain","Journal of Biogeography","41","1","111–21","10.1111/jbi.12189","https://doi.org/10.1111/jbi.12189","Romero, David, et al. “Uncertainty in Distribution Forecasts Caused by Taxonomic Ambiguity under Climate Change Scenarios: A Case Study with Two Newt Species in Mainland Spain.” Journal of Biogeography, vol. 41, no. 1, 2014, pp. 111–21, https://doi.org/10.1111/jbi.12189.","journal-article","Zotero bibliography","Core criterion","Prediction 7: Correct taxonomic identification; Projection 7: Correct taxonomic identification","","","","","matched_zotero_author_year","Matched to the Zotero bibliography by a unique first-author and publication-year combination."
"rondinini_2006","Rondinini et al. 2006","Rondinini et al. (2006)","","2006","","","","","","","https://search.crossref.org/?q=Rondinini%20et%20al.%202006","","","Unresolved","Glossary","","","","Model performance outcomes","","not_found_in_zotero","Not found in the supplied Zotero bibliography. The hyperlink opens a Crossref search; bibliographic details require review."
"root_2003","Root et al. 2003","Root et al. 2003","Root, Terry L., et al.","2003","Fingerprints of Global Warming on Wild Animals and Plants","Nature","421","6918","57–60","10.1038/nature01333","https://doi.org/10.1038/nature01333","Root, Terry L., et al. “Fingerprints of Global Warming on Wild Animals and Plants.” Nature, vol. 421, no. 6918, Jan. 2003, pp. 57–60, https://doi.org/10.1038/nature01333.","journal-article","Zotero bibliography","Core criterion","Prediction 2: Niche stability; Projection 2: Niche stability","","","","","matched_zotero_author_year","Matched to the Zotero bibliography by a unique first-author and publication-year combination."
"santini_2021","Santini et al. 2021","Santini et al. 2021","Santini, Luca, et al.","2021","Assessing the Reliability of Species Distribution Projections in Climate Change Research","Diversity and Distributions","27","6","1035–50","10.1111/ddi.13252","https://doi.org/10.1111/ddi.13252","Santini, Luca, et al. “Assessing the Reliability of Species Distribution Projections in Climate Change Research.” Diversity and Distributions, vol. 27, no. 6, 2021, pp. 1035–50, https://doi.org/10.1111/ddi.13252.","journal-article","Zotero bibliography","Related criterion","","Prediction 12: Species data sample size is appropriate; Projection 12: Species data sample size is appropriate","","","","matched_zotero_author_year","Matched to the Zotero bibliography by a unique first-author and publication-year combination."
"scherrer_2021","Scherrer et al. 2021","Scherrer et al. 2021","","2021","","","","","","","https://search.crossref.org/?q=Scherrer%20et%20al.%202021","","","Unresolved","Related criterion","","Prediction 11: Species data covers the geographic extent; Projection 11: Species data covers the geographic extent","","","","not_found_in_zotero","Not found in the supplied Zotero bibliography. The hyperlink opens a Crossref search; bibliographic details require review."
"senay_2013","Senay et al. 2013","Senay et al. 2013","Senay, Senait D., et al.","2013","Novel Three-Step Pseudo-Absence Selection Technique for Improved Species Distribution Modelling","PLOS ONE","8","8","1–16","10.1371/journal.pone.0071218","https://doi.org/10.1371/journal.pone.0071218","Senay, Senait D., et al. “Novel Three-Step Pseudo-Absence Selection Technique for Improved Species Distribution Modelling.” PLOS ONE, vol. 8, no. 8, Aug. 2013, pp. 1–16, https://doi.org/10.1371/journal.pone.0071218.","journal-article","Zotero bibliography","Related criterion","","Prediction 28: Background points or pseduo-absences are appropriate; Projection 28: Background points or pseduo-absences are appropriate","","","","matched_zotero_author_year","Matched to the Zotero bibliography by a unique first-author and publication-year combination."
"seo_2008","Seo et al. 2008","Seo et al. 2008","Seo, Changwan, et al.","2008","Scale Effects in Species Distribution Models: Implications for Conservation Planning under Climate Change","Biology Letters","5","1","39–43","10.1098/rsbl.2008.0476","https://doi.org/10.1098/rsbl.2008.0476","Seo, Changwan, et al. “Scale Effects in Species Distribution Models: Implications for Conservation Planning under Climate Change.” Biology Letters, vol. 5, no. 1, Nov. 2008, pp. 39–43, https://doi.org/10.1098/rsbl.2008.0476.","journal-article","Zotero bibliography","Core criterion","Prediction 16.1: Predictors resolution matches response scale (spatial); Prediction 19: Uncertainty in predictor variables is accounted for; Projection 16.1: Predictors resolution matches response scale (spatial); Projection 19: Uncertainty in predictor variables is accounted for","","","","","matched_zotero_author_year","Matched to the Zotero bibliography by a unique first-author and publication-year combination."
"sequeira_2018","Sequeira et al. 2018","Sequeira et al. 2018 | Sequeria et al. 2018","Sequeira, Ana M. M., et al.","2018","Transferring Biodiversity Models for Conservation: Opportunities and Challenges","Methods in Ecology and Evolution","9","5","1250–64","10.1111/2041-210X.12998","https://doi.org/10.1111/2041-210X.12998","Sequeira, Ana M. M., et al. “Transferring Biodiversity Models for Conservation: Opportunities and Challenges.” Methods in Ecology and Evolution, vol. 9, no. 5, May 2018, pp. 1250–64, https://doi.org/10.1111/2041-210X.12998.","journal-article","Zotero bibliography","Related criterion","","Prediction 33: Extrapolation approach is appropriate","","","","matched_zotero_author_year","Matched to the Zotero bibliography by a unique first-author and publication-year combination."
"shabani_2016","Shabani et al. 2016","Shabani et al. 2016","","2016","","","","","","","https://search.crossref.org/?q=Shabani%20et%20al.%202016","","","Unresolved","Related criterion","","Prediction 26: Statistical methods and algorithms employed are appropriate; Projection 26: Statistical methods and algorithms employed are appropriate","","","","not_found_in_zotero","Not found in the supplied Zotero bibliography. The hyperlink opens a Crossref search; bibliographic details require review."
"shipley_2021","Shipley et al. 2021","Shipley et al. 2021","","2021","","","","","","","https://search.crossref.org/?q=Shipley%20et%20al.%202021","","","Unresolved","Related criterion","","Prediction 3: No dispersal limitation; Projection 3: No dispersal limitation","","","","not_found_in_zotero","Not found in the supplied Zotero bibliography. The hyperlink opens a Crossref search; bibliographic details require review."
"soley_2024","Soley et al. 2024","Soley et al. 2024","","2024","","","","","","","https://search.crossref.org/?q=Soley%20et%20al.%202024","","","Unresolved","Core criterion; Related criterion","Prediction 7: Correct taxonomic identification; Prediction 8: Lack of spatial positional error; Projection 7: Correct taxonomic identification; Projection 8: Lack of spatial positional error","Prediction 29: Predictor variables are appropriately reduced, if applicable; Prediction 32: Model training and validation datasets are appropriate; Prediction 33: Extrapolation approach is appropriate; Projection 29: Predictor variables are appropriately reduced, if applicable; Projection 32: Model training and validation datasets are appropriate","","","","not_found_in_zotero","Not found in the supplied Zotero bibliography. The hyperlink opens a Crossref search; bibliographic details require review."
"srivastava_2019","Srivastava et al. 2019","Srivastava et al. (2019)","","2019","","","","","","","https://search.crossref.org/?q=Srivastava%20et%20al.%202019","","","Unresolved","Glossary","","","","Model application","","not_found_in_zotero","Not found in the supplied Zotero bibliography. The hyperlink opens a Crossref search; bibliographic details require review."
"steen_2024","Steen et al. 2024","Steen et al. 2024","Steen, Bart, et al.","2024","How Sensitive Are Species Distribution Models to Different Background Point Selection Strategies? A Test with Species at Various Equilibrium Levels","Ecological Modelling","493","","110754","10.1016/j.ecolmodel.2024.110754","https://doi.org/10.1016/j.ecolmodel.2024.110754","Steen, Bart, et al. “How Sensitive Are Species Distribution Models to Different Background Point Selection Strategies? A Test with Species at Various Equilibrium Levels.” Ecological Modelling, vol. 493, 2024, p. 110754, https://doi.org/10.1016/j.ecolmodel.2024.110754.","journal-article","Zotero bibliography","Related criterion","","Prediction 28: Background points or pseduo-absences are appropriate; Projection 28: Background points or pseduo-absences are appropriate","","","","matched_zotero_author_year","Matched to the Zotero bibliography by a unique first-author and publication-year combination."
"stewart_2021","Stewart et al. 2021","Stewart et al. 2021","Stewart, S. B., et al.","2021","Climate Extreme Variables Generated Using Monthly Time-Series Data Improve Predicted Distributions of Plant Species","Ecography","44","4","626–39","10.1111/ecog.05253","https://doi.org/10.1111/ecog.05253","Stewart, S. B., et al. “Climate Extreme Variables Generated Using Monthly Time-Series Data Improve Predicted Distributions of Plant Species.” Ecography, vol. 44, no. 4, 2021, pp. 626–39, https://doi.org/10.1111/ecog.05253.","journal-article","Zotero bibliography","Core criterion","Prediction 16.2: Predictors resolution matches response scale (temporal); Projection 16.2: Predictors resolution matches response scale (temporal)","","","","","matched_zotero_author_year","Matched to the Zotero bibliography by a unique first-author and publication-year combination."
"stoklosa_2015","Stoklosa et al. 2015","Stoklosa et al. 2015","Stoklosa, Jakub, et al.","2015","A Climate of Uncertainty: Accounting for Error in Climate Variables for Species Distribution Models","Methods in Ecology and Evolution","6","4","412–23","10.1111/2041-210X.12217","https://doi.org/10.1111/2041-210X.12217","Stoklosa, Jakub, et al. “A Climate of Uncertainty: Accounting for Error in Climate Variables for Species Distribution Models.” Methods in Ecology and Evolution, vol. 6, no. 4, 2015, pp. 412–23, https://doi.org/10.1111/2041-210X.12217.","journal-article","Zotero bibliography","Core criterion","Prediction 19: Uncertainty in predictor variables is accounted for; Projection 19: Uncertainty in predictor variables is accounted for","","","","","matched_zotero_author_year","Matched to the Zotero bibliography by a unique first-author and publication-year combination."
"strayer_2006","Strayer et al. 2006","Strayer et al. 2006","Strayer, David L., et al.","2006","Understanding the Long-Term Effects of Species Invasions","Trends in Ecology & Evolution","21","11","645–51","10.1016/j.tree.2006.07.007","https://doi.org/10.1016/j.tree.2006.07.007","Strayer, David L., et al. “Understanding the Long-Term Effects of Species Invasions.” Trends in Ecology & Evolution, vol. 21, no. 11, Nov. 2006, pp. 645–51, https://doi.org/10.1016/j.tree.2006.07.007.","journal-article","Zotero bibliography","Related criterion","","Prediction 5: Genotype and phenotype stability; Projection 20: Non-novel conditions","","","","matched_zotero_author_year","Matched to the Zotero bibliography by a unique first-author and publication-year combination."
"suttle_2007","Suttle et al. 2007","Suttle et al. 2007","Suttle, K. B., et al.","2007","Species Interactions Reverse Grassland Responses to Changing Climate","Science","315","5812","640–42","10.1126/science.1136401","https://doi.org/10.1126/science.1136401","Suttle, K. B., et al. “Species Interactions Reverse Grassland Responses to Changing Climate.” Science, vol. 315, no. 5812, 2007, pp. 640–42, https://doi.org/10.1126/science.1136401.","journal-article","Zotero bibliography","Core criterion","Prediction 21.2: Model complexity and structure are appropriate (over fit models); Prediction 4.1: Eltonian noise (positive interactions); Projection 21.2: Model complexity and structure are appropriate (over fit models); Projection 4.1: Eltonian noise (positive interactions)","","","","","matched_zotero_author_year","Matched to the Zotero bibliography by a unique first-author and publication-year combination."
"syfert_2013","Syfert et al. 2013","Syfert et al. 2013","","2013","","","","","","","https://search.crossref.org/?q=Syfert%20et%20al.%202013","","","Unresolved","Related criterion","","Prediction 22: Biases and noise in species datasets are treated ; Projection 22: Biases and noise in species datasets are treated","","","","not_found_in_zotero","Not found in the supplied Zotero bibliography. The hyperlink opens a Crossref search; bibliographic details require review."
"thibaud_2014","Thibaud et al. 2014","Thibaud et al. 2014","Thibaud, Emeric, et al.","2014","Measuring the Relative Effect of Factors Affecting Species Distribution Model Predictions","Methods in Ecology and Evolution","5","9","947–55","10.1111/2041-210X.12203","https://doi.org/10.1111/2041-210X.12203","Thibaud, Emeric, et al. “Measuring the Relative Effect of Factors Affecting Species Distribution Model Predictions.” Methods in Ecology and Evolution, vol. 5, no. 9, 2014, pp. 947–55, https://doi.org/10.1111/2041-210X.12203.","journal-article","Zotero bibliography","Related criterion","","Prediction 12: Species data sample size is appropriate; Projection 12: Species data sample size is appropriate","","","","matched_zotero_author_year","Matched to the Zotero bibliography by a unique first-author and publication-year combination."
"thomas_2024","Thomas et al. 2024","Thomas et al. 2024","","2024","","","","","","","https://search.crossref.org/?q=Thomas%20et%20al.%202024","","","Unresolved","Core criterion","Prediction 24: Modelling and parameter uncertainty are dealt with; Projection 24: Modelling and parameter uncertainty are dealt with","","","","","not_found_in_zotero","Not found in the supplied Zotero bibliography. The hyperlink opens a Crossref search; bibliographic details require review."
"tsoar_2007","Tsoar et al. 2007","Tsoar et al. 2007","","2007","","","","","","","https://search.crossref.org/?q=Tsoar%20et%20al.%202007","","","Unresolved","Related criterion","","Prediction 12: Species data sample size is appropriate; Projection 12: Species data sample size is appropriate","","","","not_found_in_zotero","Not found in the supplied Zotero bibliography. The hyperlink opens a Crossref search; bibliographic details require review."
"tulowiecki_2015","Tulowiecki et al. 2015","Tulowiecki et al. 2015","Tulowiecki, Stephen J., et al.","2015","Effects of Positional Error on Modeling Species Distributions: A Perspective Using Presettlement Land Survey Records","Plant Ecology","216","1","67–85","10.1007/s11258-014-0417-9","https://doi.org/10.1007/s11258-014-0417-9","Tulowiecki, Stephen J., et al. “Effects of Positional Error on Modeling Species Distributions: A Perspective Using Presettlement Land Survey Records.” Plant Ecology, vol. 216, no. 1, Jan. 2015, pp. 67–85, https://doi.org/10.1007/s11258-014-0417-9.","journal-article","Zotero bibliography","Core criterion","Prediction 8: Lack of spatial positional error; Projection 8: Lack of spatial positional error","","","","","matched_zotero_author_year","Matched to the Zotero bibliography by a unique first-author and publication-year combination."
"tyre_2003","Tyre et al. 2003","Tyre et al. 2003","Tyre, Andrew J., et al.","2003","Improving Precision and Reducing Bias in Biological Surveys: Estimating False-Negative Error Rates","Ecological Applications","13","6","1790–801","10.1890/02-5078","https://doi.org/10.1890/02-5078","Tyre, Andrew J., et al. “Improving Precision and Reducing Bias in Biological Surveys: Estimating False-Negative Error Rates.” Ecological Applications, vol. 13, no. 6, 2003, pp. 1790–801, https://doi.org/10.1890/02-5078.","journal-article","Zotero bibliography","Core criterion","Prediction 14: Perfect detection ; Projection 14: Perfect detection","","","","","matched_zotero_author_year","Matched to the Zotero bibliography by a unique first-author and publication-year combination."
"vaclavik_2012","Václavík & Meentemeyer 2012","Václavík & Meentemeyer 2012","Václavík, Tomáš, and Ross K. Meentemeyer.","2012","Equilibrium or Not? Modelling Potential Distribution of Invasive Species in Different Stages of Invasion","Diversity and Distributions","18","1","73–83","10.1111/j.1472-4642.2011.00854.x","https://doi.org/10.1111/j.1472-4642.2011.00854.x","Václavík, Tomáš, and Ross K. Meentemeyer. “Equilibrium or Not? Modelling Potential Distribution of Invasive Species in Different Stages of Invasion.” Diversity and Distributions, vol. 18, no. 1, 2012, pp. 73–83, https://doi.org/10.1111/j.1472-4642.2011.00854.x.","journal-article","Zotero bibliography","Core criterion","Prediction 1: Species-environment equilibrium; Projection 1: Species-environment equilibrium","","","","","matched_zotero_author_year","Matched to the Zotero bibliography by a unique first-author and publication-year combination."
"vallecillo_2009","Vallecillo et al. 2009","Vallecillo et al. 2009","","2009","","","","","","","https://search.crossref.org/?q=Vallecillo%20et%20al.%202009","","","Unresolved","Related criterion","","Prediction 6: Understanding the ecological processes driving species distribution and abundances; Projection 6: Understanding the ecological processes driving species distribution and abundances","","","","not_found_in_zotero","Not found in the supplied Zotero bibliography. The hyperlink opens a Crossref search; bibliographic details require review."
"velasquez_tibata_2016","Velásquez-Tibatá et al. 2016","Velásquez-Tibatá et al. 2016","Velásquez-Tibatá, Jorge, et al.","2016","Using Measurement Error Models to Account for Georeferencing Error in Species Distribution Models","Ecography","39","3","305–16","10.1111/ecog.01205","https://doi.org/10.1111/ecog.01205","Velásquez-Tibatá, Jorge, et al. “Using Measurement Error Models to Account for Georeferencing Error in Species Distribution Models.” Ecography, vol. 39, no. 3, 2016, pp. 305–16, https://doi.org/10.1111/ecog.01205.","journal-article","Zotero bibliography","Core criterion","Prediction 19: Uncertainty in predictor variables is accounted for; Projection 19: Uncertainty in predictor variables is accounted for","","","","","matched_zotero_author_year","Matched to the Zotero bibliography by a unique first-author and publication-year combination."
"vollering_2019","Vollering et al. 2019","Vollering et al. 2019","Vollering, Julien, et al.","2019","Bunching up the Background Betters Bias in Species Distribution Models","Ecography","42","10","1717–27","10.1111/ecog.04503","https://doi.org/10.1111/ecog.04503","Vollering, Julien, et al. “Bunching up the Background Betters Bias in Species Distribution Models.” Ecography, vol. 42, no. 10, 2019, pp. 1717–27, https://doi.org/10.1111/ecog.04503.","journal-article","Zotero bibliography","Related criterion","","Prediction 22: Biases and noise in species datasets are treated ; Projection 22: Biases and noise in species datasets are treated","","","","matched_zotero_author_year","Matched to the Zotero bibliography by a unique first-author and publication-year combination."
"watling_2015","Watling et al. 2015","Watling et al. 2015","Watling, James I., et al.","2015","Performance Metrics and Variance Partitioning Reveal Sources of Uncertainty in Species Distribution Models","Ecological Modelling","309–310","","48–59","10.1016/j.ecolmodel.2015.03.017","https://doi.org/10.1016/j.ecolmodel.2015.03.017","Watling, James I., et al. “Performance Metrics and Variance Partitioning Reveal Sources of Uncertainty in Species Distribution Models.” Ecological Modelling, vols. 309–310, 2015, pp. 48–59, https://doi.org/10.1016/j.ecolmodel.2015.03.017.","journal-article","Zotero bibliography","Core criterion","Prediction 24: Modelling and parameter uncertainty are dealt with; Projection 24: Modelling and parameter uncertainty are dealt with","","","","","matched_zotero_author_year","Matched to the Zotero bibliography by a unique first-author and publication-year combination."
"welk_2004","Welk 2004","Welk 2004","Welk, Erik.","2004","Constraints in Range Predictions of Invasive Plant Species Due to Non-Equilibrium Distribution Patterns: Purple Loosestrife (Lythrum Salicaria) in North America","Ecological Modelling","179","4","551–67","10.1016/j.ecolmodel.2004.04.020","https://doi.org/10.1016/j.ecolmodel.2004.04.020","Welk, Erik. “Constraints in Range Predictions of Invasive Plant Species Due to Non-Equilibrium Distribution Patterns: Purple Loosestrife (Lythrum Salicaria) in North America.” Ecological Modelling, vol. 179, no. 4, 2004, pp. 551–67, https://doi.org/10.1016/j.ecolmodel.2004.04.020.","journal-article","Zotero bibliography","Core criterion","Prediction 1: Species-environment equilibrium; Projection 1: Species-environment equilibrium","","","","","matched_zotero_author_year","Matched to the Zotero bibliography by a unique first-author and publication-year combination."
"wesselmann_2021","Wesselmann et al. 2021","Wesselmann et al. 2021","Wesselmann, Marlene, et al.","2021","Warming Threatens to Propel the Expansion of the Exotic Seagrass Halophila Stipulacea","Frontiers in Marine Science","","","","10.3389/fmars.2021.759676","https://doi.org/10.3389/fmars.2021.759676","Wesselmann, Marlene, et al. “Warming Threatens to Propel the Expansion of the Exotic Seagrass Halophila Stipulacea.” Frontiers in Marine Science, Volume 8-2021, 2021, https://doi.org/10.3389/fmars.2021.759676.","journal-article","Zotero bibliography","Core criterion","Projection 2: Niche stability","","","","","matched_zotero_author_year","Matched to the Zotero bibliography by a unique first-author and publication-year combination."
"wiens_2009","Wiens et al. 2009","Weins et al. 2009 | Wiens et al. (2009) | Wiens et al. 2009","Wiens, John A., et al.","2009","Niches, Models, and Climate Change: Assessing the Assumptions and Uncertainties","Proceedings of the National Academy of Sciences","106","supplement_2","19729–36","10.1073/pnas.0901639106","https://doi.org/10.1073/pnas.0901639106","Wiens, John A., et al. “Niches, Models, and Climate Change: Assessing the Assumptions and Uncertainties.” Proceedings of the National Academy of Sciences, vol. 106, no. supplement_2, Nov. 2009, pp. 19729–36, https://doi.org/10.1073/pnas.0901639106.","journal-article","Zotero bibliography","Core criterion; Glossary; Related criterion","Prediction 2: Niche stability; Projection 2: Niche stability","Prediction 15: Predictors spatial resolution matches species data; Prediction 17: Predictors are relevant for the species response; Prediction 18: All predictors relevant for the species response are included; Prediction 26: Statistical methods and algorithms employed are appropriate; Prediction 5: Genotype and phenotype stability; Projection 15: Predictors spatial resolution matches species data; Projection 17: Predictors are relevant for the species response; Projection 18: All predictors relevant for the species response are included; Projection 26: Statistical methods and algorithms employed are appropriate","","Assumptions","","matched_zotero_author_year","Matched to the Zotero bibliography by a unique first-author and publication-year combination."
"wiens_2010","Wiens et al. 2010","Wiens et al. 2010","Wiens, John A., et al.","2009","Niches, Models, and Climate Change: Assessing the Assumptions and Uncertainties","Proceedings of the National Academy of Sciences","106","supplement_2","19729–36","10.1073/pnas.0901639106","https://doi.org/10.1073/pnas.0901639106","Wiens, John A., et al. “Niches, Models, and Climate Change: Assessing the Assumptions and Uncertainties.” Proceedings of the National Academy of Sciences, vol. 106, no. supplement_2, Nov. 2009, pp. 19729–36, https://doi.org/10.1073/pnas.0901639106.","journal-article","Zotero bibliography","Core criterion","Prediction 16.1: Predictors resolution matches response scale (spatial); Prediction 16.2: Predictors resolution matches response scale (temporal); Projection 16.1: Predictors resolution matches response scale (spatial); Projection 16.2: Predictors resolution matches response scale (temporal)","","","","","probable_zotero_match_review","Probable Zotero match. The app source cites ""Wiens et al. 2010""; Zotero gives first author ""Wiens"" and publication year 2009. Confirm the author/year and update the source citation if appropriate."
"yates_2018","Yates et al. 2018","Yates et al. 2018","Yates, Katherine L., et al.","2018","Outstanding Challenges in the Transferability of Ecological Models","Trends in Ecology & Evolution","33","10","790–802","10.1016/j.tree.2018.08.001","https://doi.org/10.1016/j.tree.2018.08.001","Yates, Katherine L., et al. “Outstanding Challenges in the Transferability of Ecological Models.” Trends in Ecology & Evolution, vol. 33, no. 10, Oct. 2018, pp. 790–802. ScienceDirect, https://doi.org/10.1016/j.tree.2018.08.001.","journal-article","Zotero bibliography","Core criterion; Related criterion","Projection 34: Model transferability is accurate","Prediction 33: Extrapolation approach is appropriate","","","","matched_zotero_author_year","Matched to the Zotero bibliography by a unique first-author and publication-year combination."
"zhang_2023","Zhang et al. 2023","Zhang et al. 2023","","2023","","","","","","","https://search.crossref.org/?q=Zhang%20et%20al.%202023","","","Unresolved","Related criterion","","Prediction 29: Predictor variables are appropriately reduced, if applicable; Projection 29: Predictor variables are appropriately reduced, if applicable","","","","not_found_in_zotero","Not found in the supplied Zotero bibliography. The hyperlink opens a Crossref search; bibliographic details require review."
"zurell_2020","Zurell et al. 2020","Zurell et al. (2020) | Zurrel et al. 2020","Zurell, Damaris, Janet Franklin, et al.","2020","A Standard Protocol for Reporting Species Distribution Models","Ecography","43","9","1261–77","10.1111/ecog.04960","https://doi.org/10.1111/ecog.04960","Zurell, Damaris, Janet Franklin, et al. “A Standard Protocol for Reporting Species Distribution Models.” Ecography, vol. 43, no. 9, 2020, pp. 1261–77. Wiley Online Library, https://doi.org/10.1111/ecog.04960.","journal-article","Zotero bibliography","Glossary; Related criterion","","Prediction 33: Extrapolation approach is appropriate","","Model cycle","","matched_zotero_author_year","Matched to the Zotero bibliography by a unique first-author and publication-year combination."
"zurell_2024","Zurell et al. 2024","Zurell et al. 2024","Zurell, Damaris, Katrin Schifferle, et al.","2024","Range and Climate Niche Shifts in European and North American Breeding Birds","Philosophical Transactions of the Royal Society B: Biological Sciences","379","1902","20230013","10.1098/rstb.2023.0013","https://doi.org/10.1098/rstb.2023.0013","Zurell, Damaris, Katrin Schifferle, et al. “Range and Climate Niche Shifts in European and North American Breeding Birds.” Philosophical Transactions of the Royal Society B: Biological Sciences, vol. 379, no. 1902, Apr. 2024, p. 20230013, https://doi.org/10.1098/rstb.2023.0013.","journal-article","Zotero bibliography","Core criterion; Related criterion","Prediction 1: Species-environment equilibrium; Projection 1: Species-environment equilibrium","Prediction 5: Genotype and phenotype stability","","","","matched_zotero_author_year","Matched to the Zotero bibliography by a unique first-author and publication-year combination."
"zuloaga_undated","Zuloaga et al. in prep","Zuloaga et al. in prep","","","","","","","","","https://search.crossref.org/?q=Zuloaga%20et%20al.%20in%20prep","","","Landing page","Landing page","","","","","Overview & Instructions","in_preparation","In-preparation work; no completed Zotero record is expected yet."
"araujo_2006","Araújo & Guisan 2006","Araújo & Guisan 2006","Araújo, Miguel B., and Antoine Guisan.","2006","Five (or so) Challenges for Species Distribution Modelling","Journal of Biogeography","33","10","1677–88","10.1111/j.1365-2699.2006.01584.x","https://doi.org/10.1111/j.1365-2699.2006.01584.x","Araújo, Miguel B., and Antoine Guisan. “Five (or so) Challenges for Species Distribution Modelling.” Journal of Biogeography, vol. 33, no. 10, 2006, pp. 1677–88, https://doi.org/10.1111/j.1365-2699.2006.01584.x.","journal-article","Zotero bibliography","Core criterion; Related criterion","Prediction 24: Modelling and parameter uncertainty are dealt with; Projection 24: Modelling and parameter uncertainty are dealt with","Prediction 6: Understanding the ecological processes driving species distribution and abundances; Projection 6: Understanding the ecological processes driving species distribution and abundances","","","","matched_zotero_author_year","Matched to the Zotero bibliography by a unique first-author and publication-year combination."
"araujo_2007","Araújo & Luoto 2007","Araújo & Luoto 2007","Araújo, Miguel B., and Miska Luoto.","2007","The Importance of Biotic Interactions for Modelling Species Distributions under Climate Change","Global Ecology and Biogeography","16","6","743–53","10.1111/j.1466-8238.2007.00359.x","https://doi.org/10.1111/j.1466-8238.2007.00359.x","Araújo, Miguel B., and Miska Luoto. “The Importance of Biotic Interactions for Modelling Species Distributions under Climate Change.” Global Ecology and Biogeography, vol. 16, no. 6, 2007, pp. 743–53, https://doi.org/10.1111/j.1466-8238.2007.00359.x.","journal-article","Zotero bibliography","Core criterion","Prediction 21.2: Model complexity and structure are appropriate (over fit models); Prediction 4.1: Eltonian noise (positive interactions); Projection 21.2: Model complexity and structure are appropriate (over fit models); Projection 4.1: Eltonian noise (positive interactions)","","","","","matched_zotero_author_year","Matched to the Zotero bibliography by a unique first-author and publication-year combination."
"beale_2012","Beale & Lennon 2012","Beale & Lennon 2012","Beale, Colin M., and Jack J. Lennon.","2012","Incorporating Uncertainty in Predictive Species Distribution Modelling","Philosophical Transactions: Biological Sciences","367","1586","247–58","","https://www.jstor.org/stable/23076314","Beale, Colin M., and Jack J. Lennon. “Incorporating Uncertainty in Predictive Species Distribution Modelling.” Philosophical Transactions: Biological Sciences, vol. 367, no. 1586, 2012, pp. 247–58. JSTOR, https://www.jstor.org/stable/23076314.","journal-article","Zotero bibliography","Core criterion","Prediction 24: Modelling and parameter uncertainty are dealt with; Projection 24: Modelling and parameter uncertainty are dealt with","","","","","matched_zotero_author_year","Matched to the Zotero bibliography by a unique first-author and publication-year combination."
"chefaoui_2008","Chefaoui & Lobo 2008","Chefaoui & Lobo 2008","Chefaoui, Rosa M., and Jorge M. Lobo.","2008","Assessing the Effects of Pseudo-Absences on Predictive Distribution Model Performance","Ecological Modelling","210","4","478–86","10.1016/j.ecolmodel.2007.08.010","https://doi.org/10.1016/j.ecolmodel.2007.08.010","Chefaoui, Rosa M., and Jorge M. Lobo. “Assessing the Effects of Pseudo-Absences on Predictive Distribution Model Performance.” Ecological Modelling, vol. 210, no. 4, 2008, pp. 478–86, https://doi.org/10.1016/j.ecolmodel.2007.08.010.","journal-article","Zotero bibliography","Related criterion","","Prediction 28: Background points or pseduo-absences are appropriate; Projection 28: Background points or pseduo-absences are appropriate","","","","matched_zotero_author_year","Matched to the Zotero bibliography by a unique first-author and publication-year combination."
"erickson_2021","Erickson & Smith 2021","Erickson & Smith 2021","","2021","","","","","","","https://search.crossref.org/?q=Erickson%20%26%20Smith%202021","","","Unresolved","Core criterion","Prediction 14: Perfect detection ; Projection 14: Perfect detection","","","","","not_found_in_zotero","Not found in the supplied Zotero bibliography. The hyperlink opens a Crossref search; bibliographic details require review."
"gobeyn_2019","Gobeyn et al. 2019","Gobeyn et al. (2019)","","2019","","","","","","","https://search.crossref.org/?q=Gobeyn%20et%20al.%202019","","","Unresolved","Glossary","","","","Species distribution models (SDMs)","","not_found_in_zotero","Not found in the supplied Zotero bibliography. The hyperlink opens a Crossref search; bibliographic details require review."
"godsoe_2012","Godsoe & Harmon 2012","Godsoe & Harmon 2012","Godsoe, William, and Luke J. Harmon.","2012","How Do Species Interactions Affect Species Distribution Models?","Ecography","35","9","811–20","10.1111/j.1600-0587.2011.07103.x","https://doi.org/10.1111/j.1600-0587.2011.07103.x","Godsoe, William, and Luke J. Harmon. “How Do Species Interactions Affect Species Distribution Models?” Ecography, vol. 35, no. 9, 2012, pp. 811–20, https://doi.org/10.1111/j.1600-0587.2011.07103.x.","journal-article","Zotero bibliography","Core criterion","Prediction 21.2: Model complexity and structure are appropriate (over fit models); Prediction 4.1: Eltonian noise (positive interactions); Projection 21.2: Model complexity and structure are appropriate (over fit models); Projection 4.1: Eltonian noise (positive interactions)","","","","","matched_zotero_author_year","Matched to the Zotero bibliography by a unique first-author and publication-year combination."
"gu_2004","Gu & Swihart 2004","Gu & Swihart 2004","Gu, Weidong, and Robert K. Swihart.","2004","Absent or Undetected? Effects of Non-Detection of Species Occurrence on Wildlife–Habitat Models","Biological Conservation","116","2","195–203","10.1016/S0006-3207(03)00190-3","https://doi.org/10.1016/S0006-3207(03)00190-3","Gu, Weidong, and Robert K. Swihart. “Absent or Undetected? Effects of Non-Detection of Species Occurrence on Wildlife–Habitat Models.” Biological Conservation, vol. 116, no. 2, 2004, pp. 195–203, https://doi.org/10.1016/S0006-3207(03)00190-3.","journal-article","Zotero bibliography","Core criterion","Prediction 14: Perfect detection ; Projection 14: Perfect detection","","","","","matched_zotero_author_year","Matched to the Zotero bibliography by a unique first-author and publication-year combination."
"guillera_arroita_2014","Guillera-Arroita et al. 2014","Guillera-Arroita et al. 2014","Guillera-Arroita, Gurutzeta, José J. Lahoz-Monfort, Jane Elith, et al.","2014","Maxent Is Not a Presence–Absence Method: A Comment on Thibaud et Al","Methods in Ecology and Evolution","5","11","1192–97","10.1111/2041-210X.12252","https://doi.org/10.1111/2041-210X.12252","Guillera-Arroita, Gurutzeta, José J. Lahoz-Monfort, Jane Elith, et al. “Maxent Is Not a Presence–Absence Method: A Comment on Thibaud et Al.” Methods in Ecology and Evolution, vol. 5, no. 11, 2014, pp. 1192–97, https://doi.org/10.1111/2041-210X.12252.","journal-article","Zotero bibliography","Core criterion","Prediction 35: Model outputs scaling into absolute probability of presence is appropriate, if applicable; Projection 35: Model outputs scaling into absolute probability of presence is appropriate, if applicable","","","","","matched_zotero_author_year","Matched to the Zotero bibliography by a unique first-author and publication-year combination."
"guisan_2005","Guisan & Thuiller 2005","Guisan & Thuiller 2005","Guisan, Antoine, and Wilfried Thuiller.","2005","Predicting Species Distribution: Offering More than Simple Habitat Models","Ecology Letters","8","9","993–1009","10.1111/j.1461-0248.2005.00792.x","https://doi.org/10.1111/j.1461-0248.2005.00792.x","Guisan, Antoine, and Wilfried Thuiller. “Predicting Species Distribution: Offering More than Simple Habitat Models.” Ecology Letters, vol. 8, no. 9, 2005, pp. 993–1009, https://doi.org/10.1111/j.1461-0248.2005.00792.x.","journal-article","Zotero bibliography","Core criterion","Prediction 13: Independence of species observations; Prediction 2: Niche stability; Projection 13: Independence of species observations; Projection 2: Niche stability","","","","","matched_zotero_author_year","Matched to the Zotero bibliography by a unique first-author and publication-year combination."
"jimenez_valverde_2011","Jiménez-Valverde 2011","Jiménez-Valverde 2011","Jiménez-Valverde, Alberto.","2012","Insights into the Area under the Receiver Operating Characteristic Curve (AUC) as a Discrimination Measure in Species Distribution Modelling","Global Ecology and Biogeography","21","4","498–507","10.1111/j.1466-8238.2011.00683.x","https://doi.org/10.1111/j.1466-8238.2011.00683.x","Jiménez-Valverde, Alberto. “Insights into the Area under the Receiver Operating Characteristic Curve (AUC) as a Discrimination Measure in Species Distribution Modelling.” Global Ecology and Biogeography, vol. 21, no. 4, 2012, pp. 498–507, https://doi.org/10.1111/j.1466-8238.2011.00683.x.","journal-article","Zotero bibliography","Core criterion","Prediction 30: Performance/evaluation metrics are appropriate; Projection 30: Performance/evaluation metrics are appropriate","","","","","probable_zotero_match_review","Probable Zotero match. The app source cites ""Jiménez-Valverde 2011""; Zotero gives first author ""Jiménez-Valverde"" and publication year 2012. Confirm the author/year and update the source citation if appropriate. The previous draft DOI differed and was replaced with the Zotero DOI."
"lahoz_monfort_2013","Lahoz-Monfort et al. 2013","Lahoz-Monfort et al. 2013","Lahoz-Monfort, José J., et al.","2014","Imperfect Detection Impacts the Performance of Species Distribution Models","Global Ecology and Biogeography","23","4","504–15","10.1111/geb.12138","https://doi.org/10.1111/geb.12138","Lahoz-Monfort, José J., et al. “Imperfect Detection Impacts the Performance of Species Distribution Models.” Global Ecology and Biogeography, vol. 23, no. 4, 2014, pp. 504–15, https://doi.org/10.1111/geb.12138.","journal-article","Zotero bibliography","Core criterion","Prediction 14: Perfect detection ; Projection 14: Perfect detection","","","","","probable_zotero_match_review","Probable Zotero match. The app source cites ""Lahoz-Monfort et al. 2013""; Zotero gives first author ""Lahoz-Monfort"" and publication year 2014. Confirm the author/year and update the source citation if appropriate. The previous draft DOI differed and was replaced with the Zotero DOI."
"mcinerny_2011","McInerny & Purves 2011","McInerny & Purves 2011","McInerny, Greg J., and Drew W. Purves.","2011","Fine-Scale Environmental Variation in Species Distribution Modelling: Regression Dilution, Latent Variables and Neighbourly Advice","Methods in Ecology and Evolution","2","3","248–57","10.1111/j.2041-210X.2010.00077.x","https://doi.org/10.1111/j.2041-210X.2010.00077.x","McInerny, Greg J., and Drew W. Purves. “Fine-Scale Environmental Variation in Species Distribution Modelling: Regression Dilution, Latent Variables and Neighbourly Advice.” Methods in Ecology and Evolution, vol. 2, no. 3, 2011, pp. 248–57, https://doi.org/10.1111/j.2041-210X.2010.00077.x.","journal-article","Zotero bibliography","Core criterion","Prediction 19: Uncertainty in predictor variables is accounted for; Projection 19: Uncertainty in predictor variables is accounted for","","","","","matched_zotero_author_year","Matched to the Zotero bibliography by a unique first-author and publication-year combination."
"merow_2016","Merow et al. 2016","Merow et al. 2016","","2016","","","","","","","https://search.crossref.org/?q=Merow%20et%20al.%202016","","","Unresolved","Core criterion","Prediction 1: Species-environment equilibrium; Projection 1: Species-environment equilibrium","","","","","not_found_in_zotero","Not found in the supplied Zotero bibliography. The hyperlink opens a Crossref search; bibliographic details require review."
"moudry_2012","Moudrý & Šímová 2012","Moudrý & Šímová 2012","Moudrý, Vítězslav, and Petra Šímová.","2012","Influence of Positional Accuracy, Sample Size and Scale on Modelling Species Distributions: A Review","International Journal of Geographical Information Science","26","11","2083–95","10.1080/13658816.2012.721553","https://doi.org/10.1080/13658816.2012.721553","Moudrý, Vítězslav, and Petra Šímová. “Influence of Positional Accuracy, Sample Size and Scale on Modelling Species Distributions: A Review.” International Journal of Geographical Information Science, vol. 26, no. 11, 2012, pp. 2083–95, https://doi.org/10.1080/13658816.2012.721553.","journal-article","Zotero bibliography","Related criterion","","Prediction 15: Predictors spatial resolution matches species data; Projection 15: Predictors spatial resolution matches species data","","","","matched_zotero_author_year","Matched to the Zotero bibliography by a unique first-author and publication-year combination."
"osborne_2009","Osborne & Leitão 2009","Osborne & Leitão 2009","Osborne, Patrick E., and Pedro J. Leitão.","2009","Effects of Species and Habitat Positional Errors on the Performance and Interpretation of Species Distribution Models","Diversity and Distributions","15","4","671–81","10.1111/j.1472-4642.2009.00572.x","https://doi.org/10.1111/j.1472-4642.2009.00572.x","Osborne, Patrick E., and Pedro J. Leitão. “Effects of Species and Habitat Positional Errors on the Performance and Interpretation of Species Distribution Models.” Diversity and Distributions, vol. 15, no. 4, 2009, pp. 671–81, https://doi.org/10.1111/j.1472-4642.2009.00572.x.","journal-article","Zotero bibliography","Core criterion","Prediction 8: Lack of spatial positional error; Projection 8: Lack of spatial positional error","","","","","matched_zotero_author_year","Matched to the Zotero bibliography by a unique first-author and publication-year combination."
"phillips_2013","Phillips & Elith 2013","Phillips & Elith 2013","Phillips, Steven J., and Jane Elith.","2013","On Estimating Probability of Presence from Use–Availability or Presence–Background Data","Ecology","94","6","1409–19","10.1890/12-1520.1","https://doi.org/10.1890/12-1520.1","Phillips, Steven J., and Jane Elith. “On Estimating Probability of Presence from Use–Availability or Presence–Background Data.” Ecology, vol. 94, no. 6, 2013, pp. 1409–19, https://doi.org/10.1890/12-1520.1.","journal-article","Zotero bibliography","Core criterion","Prediction 35: Model outputs scaling into absolute probability of presence is appropriate, if applicable; Projection 35: Model outputs scaling into absolute probability of presence is appropriate, if applicable","","","","","matched_zotero_author_year","Matched to the Zotero bibliography by a unique first-author and publication-year combination."
"poggiato_2025","Poggiato et al. 2025","Poggiato et al. 2025","Poggiato, Giovanni, et al.","2025","Integrating Food Webs in Species Distribution Models Can Improve Ecological Niche Estimation and Predictions","Ecography","2025","5","e07546","10.1111/ecog.07546","https://doi.org/10.1111/ecog.07546","Poggiato, Giovanni, et al. “Integrating Food Webs in Species Distribution Models Can Improve Ecological Niche Estimation and Predictions.” Ecography, vol. 2025, no. 5, 2025, p. e07546, https://doi.org/10.1111/ecog.07546.","journal-article","Zotero bibliography","Core criterion","Prediction 21.2: Model complexity and structure are appropriate (over fit models); Prediction 4.1: Eltonian noise (positive interactions); Projection 21.2: Model complexity and structure are appropriate (over fit models); Projection 4.1: Eltonian noise (positive interactions)","","","","","matched_zotero_author_year","Matched to the Zotero bibliography by a unique first-author and publication-year combination."
"soley_guardia_2024","Soley-Guardia et al. 2024","Soley-Guardia et al. (2024) | Soley-Guardia et al. 2024","Soley-Guardia, Mariano, et al.","2024","Top Ten Hazards to Avoid When Modeling Species Distributions: A Didactic Guide of Assumptions, Problems, and Recommendations","Ecography, n/a","","n/a","e06852","10.1111/ecog.06852","https://doi.org/10.1111/ecog.06852","Soley-Guardia, Mariano, et al. “Top Ten Hazards to Avoid When Modeling Species Distributions: A Didactic Guide of Assumptions, Problems, and Recommendations.” Ecography, n/a, no. n/a, Jan. 2024, p. e06852. Wiley Online Library, https://doi.org/10.1111/ecog.06852.","journal-article","Zotero bibliography","Core criterion; Glossary; Related criterion","Prediction 1: Species-environment equilibrium; Prediction 10: Species data covers the environmental extent; Prediction 13: Independence of species observations; Prediction 21.2: Model complexity and structure are appropriate (over fit models); Prediction 30: Performance/evaluation metrics are appropriate; Prediction 35: Model outputs scaling into absolute probability of presence is appropriate, if applicable; Prediction 4.1: Eltonian noise (positive interactions); Prediction 7: Correct taxonomic identification; Prediction 8: Lack of spatial positional error; Projection 1: Species-environment equilibrium; Projection 10: Species data covers the environmental extent; Projection 13: Independence of species observations; Projection 21.2: Model complexity and structure are appropriate (over fit models); Projection 30: Performance/evaluation metrics are appropriate; Projection 34: Model transferability is accurate ; Projection 35: Model outputs scaling into absolute probability of presence is appropriate, if applicable; Projection 4.1: Eltonian noise (positive interactions); Projection 7: Correct taxonomic identification; Projection 8: Lack of spatial positional error","Prediction 11: Species data covers the geographic extent; Prediction 15: Predictors spatial resolution matches species data; Prediction 17: Predictors are relevant for the species response; Prediction 22: Biases and noise in species datasets are treated ; Prediction 26: Statistical methods and algorithms employed are appropriate; Prediction 29: Predictor variables are appropriately reduced, if applicable; Prediction 32: Model training and validation datasets are appropriate; Prediction 33: Extrapolation approach is appropriate; Prediction 9: Unbiased species data; Projection 11: Species data covers the geographic extent; Projection 15: Predictors spatial resolution matches species data; Projection 17: Predictors are relevant for the species response; Projection 20: Non-novel conditions; Projection 22: Biases and noise in species datasets are treated ; Projection 26: Statistical methods and algorithms employed are appropriate; Projection 29: Predictor variables are appropriately reduced, if applicable; Projection 32: Model training and validation datasets are appropriate; Projection 9: Unbiased species data","","Assumptions; Criteria","","matched_zotero_author_year","Matched to the Zotero bibliography by a unique first-author and publication-year combination."
"stockwell_2002","Stockwell & Peterson 2002","Stockwell & Peterson 2002","Stockwell, David R. B., and A. Townsend Peterson.","2002","Effects of Sample Size on Accuracy of Species Distribution Models","Ecological Modelling","148","1","1–13","10.1016/S0304-3800(01)00388-X","https://doi.org/10.1016/S0304-3800(01)00388-X","Stockwell, David R. B., and A. Townsend Peterson. “Effects of Sample Size on Accuracy of Species Distribution Models.” Ecological Modelling, vol. 148, no. 1, 2002, pp. 1–13, https://doi.org/10.1016/S0304-3800(01)00388-X.","journal-article","Zotero bibliography","Related criterion","","Prediction 12: Species data sample size is appropriate; Projection 12: Species data sample size is appropriate","","","","matched_zotero_author_year","Matched to the Zotero bibliography by a unique first-author and publication-year combination."
"svenning_2008","Svenning et al. 2008","Svenning et al. 2008","","2008","","","","","","","https://search.crossref.org/?q=Svenning%20et%20al.%202008","","","Unresolved","Core criterion","Prediction 1: Species-environment equilibrium; Projection 1: Species-environment equilibrium","","","","","not_found_in_zotero","Not found in the supplied Zotero bibliography. The hyperlink opens a Crossref search; bibliographic details require review."
"veloz_2009","Veloz 2009","Veloz 2009","","2009","","","","","","","https://search.crossref.org/?q=Veloz%202009","","","Unresolved","Related criterion","","Prediction 9: Unbiased species data; Projection 9: Unbiased species data","","","","not_found_in_zotero","Not found in the supplied Zotero bibliography. The hyperlink opens a Crossref search; bibliographic details require review."
"viana_2022","Viana & Chase 2022","Viana & Chase 2022","","2022","","","","","","","https://search.crossref.org/?q=Viana%20%26%20Chase%202022","","","Unresolved","Core criterion","Prediction 1: Species-environment equilibrium; Projection 1: Species-environment equilibrium","","","","","not_found_in_zotero","Not found in the supplied Zotero bibliography. The hyperlink opens a Crossref search; bibliographic details require review."
"wintle_2006","Wintle & Bardos 2006","Wintle & Bardos 2006","Wintle, B. A., and D. C. Bardos.","2006","Modeling Species-Habitat Relationships with Spatially Autocorrelated Observation Data","Ecological Applications","16","5","1945–58","10.1890/1051-0761(2006)016%5B1945:MSRWSA%5D2.0.CO;2","https://doi.org/10.1890/1051-0761(2006)016%5B1945:MSRWSA%5D2.0.CO;2","Wintle, B. A., and D. C. Bardos. “Modeling Species-Habitat Relationships with Spatially Autocorrelated Observation Data.” Ecological Applications, vol. 16, no. 5, 2006, pp. 1945–58, https://doi.org/10.1890/1051-0761(2006)016%5B1945:MSRWSA%5D2.0.CO;2.","journal-article","Zotero bibliography","Core criterion","Prediction 13: Independence of species observations; Projection 13: Independence of species observations","","","","","matched_zotero_author_year","Matched to the Zotero bibliography by a unique first-author and publication-year combination. The previous draft DOI differed and was replaced with the Zotero DOI."
"zurell_2017","Zurell 2017","Zurell 2017","Zurell, Damaris.","2017","Integrating Demography, Dispersal and Interspecific Interactions into Bird Distribution Models","Journal of Avian Biology","48","12","1505–16","10.1111/jav.01225","https://doi.org/10.1111/jav.01225","Zurell, Damaris. “Integrating Demography, Dispersal and Interspecific Interactions into Bird Distribution Models.” Journal of Avian Biology, vol. 48, no. 12, 2017, pp. 1505–16, https://doi.org/10.1111/jav.01225.","journal-article","Zotero bibliography","Core criterion; Related criterion","Prediction 16.2: Predictors resolution matches response scale (temporal); Projection 16.2: Predictors resolution matches response scale (temporal)","Prediction 3: No dispersal limitation; Projection 3: No dispersal limitation","","","","matched_zotero_author_year","Matched to the Zotero bibliography by a unique first-author and publication-year combination."
"zurell_2023","Zurell et al. 2023","Zurell et al. 2023","Zurell, Damaris, Katrin Schifferle, et al.","2024","Range and Climate Niche Shifts in European and North American Breeding Birds","Philosophical Transactions of the Royal Society B: Biological Sciences","379","1902","20230013","10.1098/rstb.2023.0013","https://doi.org/10.1098/rstb.2023.0013","Zurell, Damaris, Katrin Schifferle, et al. “Range and Climate Niche Shifts in European and North American Breeding Birds.” Philosophical Transactions of the Royal Society B: Biological Sciences, vol. 379, no. 1902, Apr. 2024, p. 20230013, https://doi.org/10.1098/rstb.2023.0013.","journal-article","Zotero bibliography","Related criterion","","Prediction 3: No dispersal limitation; Projection 3: No dispersal limitation","","","","probable_zotero_match_review","Probable Zotero match. The app source cites ""Zurell et al. 2023""; Zotero gives first author ""Zurell"" and publication year 2024. Confirm the author/year and update the source citation if appropriate. The previous draft DOI differed and was replaced with the Zotero DOI."
"araujo_2012","Araújo & Peterson 2012","Araújo & Peterson 2012","Miguel B. Araújo; A. Townsend Peterson","2012","Uses and misuses of bioclimatic envelope modeling","Ecology","93","7","1527-1539","10.1890/11-1930.1","https://doi.org/10.1890/11-1930.1","Araújo & Peterson 2012. Uses and misuses of bioclimatic envelope modeling. Ecology | Araújo & Peterson 2012. Uses and misuses of bioclimatic envelope modeling. Ecology.","journal-article","Application inventory","Model application","","","Distribution or realized niche shift assessment; Intraspecific distribution or niche change assessment","","","source_citation_not_in_zotero","Not found in the supplied Zotero bibliography. DOI was supplied in application_inventory.csv and the Crossref title matches the supplied citation (automated title coverage 1). Confirm during review."
"baker_2021","Baker et al. 2021","Baker et al. 2021","David J. Baker; Ilya M. D. Maclean; Martin Goodall; Kevin J. Gaston","2020","Species distribution modelling is needed to support ecological impact assessments","Journal of Applied Ecology","58","1","21-26","10.1111/1365-2664.13782","https://doi.org/10.1111/1365-2664.13782","Baker et al. 2021. Species distribution modelling is needed to support ecological impact assessments. Journal of Applied Ecology.","journal-article","Application inventory","Model application","","","Anthropogenic-disturbance screening for avoidance or constraints; Land-use planning constraints","","","source_citation_not_in_zotero","Not found in the supplied Zotero bibliography. DOI was supplied in application_inventory.csv and the Crossref title matches the supplied citation (automated title coverage 1). Confirm during review."
"broennimann_2012","Broennimann et al. 2012","Broennimann et al. 2012","Olivier Broennimann; Matthew C. Fitzpatrick; Peter B. Pearman; Blaise Petitpierre; Loïc Pellissier; Nigel G. Yoccoz; Wilfried Thuiller; Marie‐Josée Fortin; Christophe Randin; Niklaus E. Zimmermann; Catherine H. Graham; Antoine Guisan","2011","Measuring ecological niche overlap from occurrence and spatial environmental data","Global Ecology and Biogeography","21","4","481-497","10.1111/j.1466-8238.2011.00698.x","https://doi.org/10.1111/j.1466-8238.2011.00698.x","Broennimann et al. 2012. Measuring ecological niche overlap from occurrence and spatial environmental data. Global Ecology and Biogeography.","journal-article","Application inventory","Model application","","","Distribution or realized niche shift assessment; Environmental niche variation or differentiation analysis; Habitat-overlap or niche-overlap analysis","","","source_citation_not_in_zotero","Not found in the supplied Zotero bibliography. DOI was supplied in application_inventory.csv and the Crossref title matches the supplied citation (automated title coverage 1). Confirm during review."
"chiffard_2020","Chiffard et al. 2020","Chiffard et al. 2020","Jules Chiffard; Coline Marciau; Nigel Gilles Yoccoz; Florent Mouillot; Stéphane Duchateau; Iris Nadeau; Philippe Fontanilles; Aurélien Besnard","2020","Adaptive niche‐based sampling to improve ability to find rare and elusive species: Simulations and field tests","Methods in Ecology and Evolution","11","8","899-909","10.1111/2041-210x.13399","https://doi.org/10.1111/2041-210x.13399","Chiffard et al. 2020. Adaptive niche-based sampling to improve ability to find rare and elusive species. Methods in Ecology and Evolution.","journal-article","Application inventory","Model application","","","Sampling design optimization","","","source_citation_not_in_zotero","Not found in the supplied Zotero bibliography. DOI was supplied in application_inventory.csv and the Crossref title matches the supplied citation (automated title coverage 0.77). Confirm during review."
"conde_2010","Conde et al. 2010","Conde et al. 2010","Dalia A. Conde; Fernando Colchero; Heliot Zarza; Norman L. Christensen; Joseph O. Sexton; Carlos Manterola; Cuauhtémoc Chávez; Antonio Rivera; Danae Azuara; Gerardo Ceballos","2010","Sex matters: Modeling male and female habitat differences for jaguar conservation","Biological Conservation","143","9","1980-1988","10.1016/j.biocon.2010.04.049","https://doi.org/10.1016/j.biocon.2010.04.049","Conde et al. 2010. Sex matters: Modeling male and female habitat differences for jaguar conservation. Biological Conservation.","journal-article","Application inventory","Model application","","","Habitat-overlap or niche-overlap analysis","","","source_citation_not_in_zotero","Not found in the supplied Zotero bibliography. DOI was supplied in application_inventory.csv and the Crossref title matches the supplied citation (automated title coverage 1). Confirm during review."
"elith_2009_2","Elith & Leathwick 2009","Elith & leathwick (2009) | Elith & Leathwick (2009) | Elith & leathwick 2009 | Elith & Leathwick 2009","Elith, Jane, and John R. Leathwick.","2009","Species Distribution Models: Ecological Explanation and Prediction Across Space and Time","Annual Review of Ecology, Evolution, and Systematics","40","Volume 40","677–97","10.1146/annurev.ecolsys.110308.120159","https://doi.org/10.1146/annurev.ecolsys.110308.120159","Elith, Jane, and John R. Leathwick. “Species Distribution Models: Ecological Explanation and Prediction Across Space and Time.” Annual Review of Ecology, Evolution, and Systematics, vol. 40, no. Volume 40, 2009, 2009, pp. 677–97, https://doi.org/10.1146/annurev.ecolsys.110308.120159.","journal-article","Zotero bibliography","Glossary; Model application; Related criterion","","Prediction 26: Statistical methods and algorithms employed are appropriate; Prediction 6: Understanding the ecological processes driving species distribution and abundances; Projection 26: Statistical methods and algorithms employed are appropriate; Projection 6: Understanding the ecological processes driving species distribution and abundances","Abiotic and biotic driver interpretation; Fire-effect assessment; Forest heterogeneity relevance analysis; Habitat distribution mapping; Niche estimation; Source-sink habitat description; Species co-occurrence description; Species or habitat-class categorization","Explanation (Hypothesis testing); Species distribution models (SDMs)","","matched_zotero_author_year","Matched to the Zotero bibliography by a unique first-author and publication-year combination."
"fois_2015","Fois et al. 2015","Fois et al. 2015","Mauro Fois; Giuseppe Fenu; Alba Cuena Lombraña; Donatella Cogoni; Gianluigi Bacchetta","2015","A practical method to speed up the discovery of unknown populations using Species Distribution Models","Journal for Nature Conservation","24","","42-48","10.1016/j.jnc.2015.02.001","https://doi.org/10.1016/j.jnc.2015.02.001","Fois et al. 2015. A practical method to speed up the discovery of unknown populations using species distribution models. Journal for Nature Conservation.","journal-article","Application inventory","Model application","","","Species inventory or survey planning","","","source_citation_not_in_zotero","Not found in the supplied Zotero bibliography. DOI was supplied in application_inventory.csv and the Crossref title matches the supplied citation (automated title coverage 1). Confirm during review."
"guisan_2013","Guisan et al. 2013","Guisan et al. (2013) | Guisan et al. 2013","Antoine Guisan; Reid Tingley; John B. Baumgartner; Ilona Naujokaitis‐Lewis; Patricia R. Sutcliffe; Ayesha I. T. Tulloch; Tracey J. Regan; Lluis Brotons; Eve McDonald‐Madden; Chrystal Mantyka‐Pringle; Tara G. Martin; Jonathan R. Rhodes; Ramona Maggini; Samantha A. Setterfield; Jane Elith; Mark W. Schwartz; Brendan A. Wintle; Olivier Broennimann; Mike Austin; Simon Ferrier; Michael R. Kearney; Hugh P. Possingham; Yvonne M. Buckley","2013","Predicting species distributions for conservation decisions","Ecology Letters","16","12","1424-1435","10.1111/ele.12189","https://doi.org/10.1111/ele.12189","Guisan et al. 2013. Predicting species distributions for conservation decisions. Ecology Letters.","journal-article","Application inventory","Core criterion; Glossary; Model application","Prediction 31: Setting an appropriate threshold, if applicable; Projection 31: Setting an appropriate threshold, if applicable","","Climate-adaptation allocation planning; Connectivity network prioritization; Future threat screening; Invasion control allocation; Restoration site prioritization","Commission errors; Model application","","source_citation_not_in_zotero","Not found in the supplied Zotero bibliography. DOI was supplied in application_inventory.csv and the Crossref title matches the supplied citation (automated title coverage 1). Confirm during review."
"hunter_ayad_2020","Hunter-Ayad et al. 2020","Hunter-Ayad et al. 2020","James Hunter‐Ayad; Ralf Ohlemüller; Mariano R. Recio; Philip J. Seddon","2020","Reintroduction modelling: A guide to choosing and combining models for species reintroductions","Journal of Applied Ecology","57","7","1233-1243","10.1111/1365-2664.13629","https://doi.org/10.1111/1365-2664.13629","Hunter-Ayad et al. 2020. Reintroduction modelling: A guide to choosing and combining ecological models. Journal of Applied Ecology.","journal-article","Application inventory","Model application","","","Reintroduction site feasibility screening","","","source_citation_not_in_zotero","Not found in the supplied Zotero bibliography. DOI was supplied in application_inventory.csv and the Crossref title matches the supplied citation (automated title coverage 0.75). Confirm during review."
"jetz_2019","Jetz et al. 2019","Jetz et al. 2019","Walter Jetz; Melodie A. McGeoch; Robert Guralnick; Simon Ferrier; Jan Beck; Mark J. Costello; Miguel Fernandez; Gary N. Geller; Petr Keil; Cory Merow; Carsten Meyer; Frank E. Muller-Karger; Henrique M. Pereira; Eugenie C. Regan; Dirk S. Schmeller; Eren Turak","2019","Essential biodiversity variables for mapping and monitoring species populations","Nature Ecology & Evolution","3","4","539-551","10.1038/s41559-019-0826-1","https://doi.org/10.1038/s41559-019-0826-1","Jetz et al. 2019. Essential biodiversity variables for mapping and monitoring species populations. Nature Ecology & Evolution.","journal-article","Application inventory","Model application","","","Biodiversity metrics & mapping; Habitat-loss assessment; Protected-area coverage assessment","","","source_citation_not_in_zotero","Not found in the supplied Zotero bibliography. DOI was supplied in application_inventory.csv and the Crossref title matches the supplied citation (automated title coverage 1). Confirm during review."
"karp_2025","Karp et al. 2025","Karp et al. 2025","Melissa A Karp; Megan Cimino; J Kevin Craig; Daniel P Crear; Christopher Haak; Elliott L Hazen; Isaac Kaplan; Donald R Kobayashi; Hassan Moustahfid; Barbara Muhling; Malin L Pinsky; Laurel A Smith; James T Thorson; Phoebe A Woodworth-Jefcoats","2025","Applications of species distribution modeling and future needs to support marine resource management","ICES Journal of Marine Science","82","3","","10.1093/icesjms/fsaf024","https://doi.org/10.1093/icesjms/fsaf024","Karp et al. 2025. Applications of species distribution modeling and future needs to support marine resource management. ICES Journal of Marine Science.","journal-article","Application inventory","Model application","","","Fishing-effort allocation or zone targeting","","","source_citation_not_in_zotero","Not found in the supplied Zotero bibliography. DOI was supplied in application_inventory.csv and the Crossref title matches the supplied citation (automated title coverage 1). Confirm during review."
"lehtomaki_2013","Lehtomäki & Moilanen 2013","Lehtomäki & Moilanen 2013","Joona Lehtomäki; Atte Moilanen","2013","Methods and workflow for spatial conservation prioritization using Zonation","Environmental Modelling & Software","47","","128-137","10.1016/j.envsoft.2013.05.001","https://doi.org/10.1016/j.envsoft.2013.05.001","Lehtomäki & Moilanen 2013. Methods and workflow for spatial conservation prioritization using Zonation. Environmental Modelling & Software.","journal-article","Application inventory","Model application","","","Connectivity network optimization","","","source_citation_not_in_zotero","Not found in the supplied Zotero bibliography. DOI was supplied in application_inventory.csv and the Crossref title matches the supplied citation (automated title coverage 1). Confirm during review."
"maunder_2020","Maunder et al. 2020","Maunder et al. 2020","Mark N. Maunder; James T. Thorson; Haikun Xu; Ricardo Oliveros-Ramos; Simon D. Hoyle; Laura Tremblay-Boyer; Hui Hua Lee; Mikihiko Kai; Shui-Kai Chang; Toshihide Kitakado; Christoffer M. Albertsen; Carolina V. Minte-Vera; Cleridy E. Lennert-Cody; Alexandre M. Aires-da-Silva; Kevin R. Piner","2020","The need for spatio-temporal modeling to determine catch-per-unit effort based indices of abundance and associated composition data for inclusion in stock assessment models","Fisheries Research","229","","105594","10.1016/j.fishres.2020.105594","https://doi.org/10.1016/j.fishres.2020.105594","Maunder et al. 2020. The need for spatio-temporal modeling to determine catch-per-unit-effort based indices of abundance and associated composition data for inclusion in stock assessment models. Fisheries Research.","journal-article","Application inventory","Model application","","","Harvest limit setting","","","source_citation_not_in_zotero","Not found in the supplied Zotero bibliography. DOI was supplied in application_inventory.csv and the Crossref title matches the supplied citation (automated title coverage 1). Confirm during review."
"mccune_2016","McCune et al. 2016","McCune et al. 2016","J. L. McCune","2016","Species distribution models predict rare species occurrences despite significant effects of landscape context","Journal of Applied Ecology","53","6","1871-1879","10.1111/1365-2664.12702","https://doi.org/10.1111/1365-2664.12702","McCune et al. 2016. Species distribution models predict rare species occurrences despite significant effects of landscape context. Journal of Applied Ecology.","journal-article","Application inventory","Model application","","","Targeted search for new populations","","","source_citation_not_in_zotero","Not found in the supplied Zotero bibliography. DOI was supplied in application_inventory.csv and the Crossref title matches the supplied citation (automated title coverage 1). Confirm during review."
"porfirio_2014","Porfirio et al. 2014","Porfirio et al. 2014","Luciana L. Porfirio; Rebecca M. B. Harris; Edward C. Lefroy; Sonia Hugh; Susan F. Gould; Greg Lee; Nathaniel L. Bindoff; Brendan Mackey","2014","Improving the Use of Species Distribution Models in Conservation Planning and Management under Climate Change","PLoS ONE","9","11","e113749","10.1371/journal.pone.0113749","https://doi.org/10.1371/journal.pone.0113749","Porfirio et al. 2014. Improving the use of species distribution models in conservation planning and management under climate change. PLOS ONE.","journal-article","Application inventory","Model application","","","Climate-adaptation prioritization; Climate-adaptation screening; Climate exposure or vulnerability screening; Vulnerability assessment","","","source_citation_not_in_zotero","Not found in the supplied Zotero bibliography. DOI was supplied in application_inventory.csv and the Crossref title matches the supplied citation (automated title coverage 1). Confirm during review."
"russo_2020","Russo et al. 2020","Russo et al. 2020","Luca F. Russo; Rafael Barrientos; Mauro Fabrizio; Mirko Di Febbraro; Anna Loy","2020","Prioritizing road‐kill mitigation areas: A spatially explicit national‐scale model for an elusive carnivore","Diversity and Distributions","26","9","1093-1103","10.1111/ddi.13064","https://doi.org/10.1111/ddi.13064","Russo et al. 2020. Prioritizing road-kill mitigation areas: A spatially explicit national-scale model for an elusive carnivore. Diversity and Distributions.","journal-article","Application inventory","Model application","","","Road-kill mitigation area prioritization","","","source_citation_not_in_zotero","Not found in the supplied Zotero bibliography. DOI was supplied in application_inventory.csv and the Crossref title matches the supplied citation (automated title coverage 1). Confirm during review."
"shelton_2014","Shelton et al. 2014","Shelton et al. 2014","Andrew Olaf Shelton; James T. Thorson; Eric J. Ward; Blake E. Feist","2014","Spatial semiparametric models improve estimates of species abundance and distribution","Canadian Journal of Fisheries and Aquatic Sciences","71","11","1655-1666","10.1139/cjfas-2013-0508","https://doi.org/10.1139/cjfas-2013-0508","Shelton et al. 2014. Spatial semiparametric models improve estimates of species abundance and distribution. Canadian Journal of Fisheries and Aquatic Sciences.","journal-article","Application inventory","Model application","","","Species abundance or density assessment","","","source_citation_not_in_zotero","Not found in the supplied Zotero bibliography. DOI was supplied in application_inventory.csv and the Crossref title matches the supplied citation (automated title coverage 1). Confirm during review."
"sofaer_2019","Sofaer et al. 2019","Sofaer et al. 2019","Sofaer, Helen R., et al.","2019","Development and Delivery of Species Distribution Models to Inform Decision-Making","BioScience","69","7","544–57","10.1093/biosci/biz045","https://doi.org/10.1093/biosci/biz045","Sofaer, Helen R., et al. “Development and Delivery of Species Distribution Models to Inform Decision-Making.” BioScience, vol. 69, no. 7, July 2019, pp. 544–57. Silverchair, https://doi.org/10.1093/biosci/biz045.","journal-article","Zotero bibliography","Model application","","","Species distribution mapping for description","","","matched_zotero_author_year","Matched to the Zotero bibliography by a unique first-author and publication-year combination."
"syfert_2014","Syfert et al. 2014","Syfert et al. 2014","Mindy M. Syfert; Lucas Joppa; Matthew J. Smith; David A. Coomes; Steven P. Bachman; Neil A. Brummitt","2014","Using species distribution models to inform IUCN Red List assessments","Biological Conservation","177","","174-184","10.1016/j.biocon.2014.06.012","https://doi.org/10.1016/j.biocon.2014.06.012","Syfert et al. 2014. Using species distribution models to inform IUCN Red List assessments. Biological Conservation.","journal-article","Application inventory","Model application","","","Area of occurrence estimation; Conservation-status assessment; Suitable habitat prediction for status assessment","","","source_citation_not_in_zotero","Not found in the supplied Zotero bibliography. DOI was supplied in application_inventory.csv and the Crossref title matches the supplied citation (automated title coverage 1). Confirm during review."
"thorson_2019","Thorson 2019","Thorson 2019","James T. Thorson","2019","Guidance for decisions using the Vector Autoregressive Spatio-Temporal (VAST) package in stock, ecosystem, habitat and climate assessments","Fisheries Research","210","","143-161","10.1016/j.fishres.2018.10.013","https://doi.org/10.1016/j.fishres.2018.10.013","Thorson 2019. Guidance for decisions using the Vector Autoregressive Spatio-Temporal package in stock, ecosystem, habitat and climate assessments. Fisheries Research.","journal-article","Application inventory","Model application","","","Site productivity assessment; Stock assessment; Trend estimation","","","source_citation_not_in_zotero","Not found in the supplied Zotero bibliography. DOI was supplied in application_inventory.csv and the Crossref title matches the supplied citation (automated title coverage 0.92). Confirm during review."
"warren_2008","Warren et al. 2008","Warren et al. 2008","Dan L. Warren; Richard E. Glor; Michael Turelli","2008","ENVIRONMENTAL NICHE EQUIVALENCY VERSUS CONSERVATISM: QUANTITATIVE APPROACHES TO NICHE EVOLUTION","Evolution","62","11","2868-2883","10.1111/j.1558-5646.2008.00482.x","https://doi.org/10.1111/j.1558-5646.2008.00482.x","Warren et al. 2008. Environmental niche equivalency versus conservatism: quantitative approaches to niche evolution. Evolution.","journal-article","Application inventory","Model application","","","Environmental niche variation or differentiation analysis","","","source_citation_not_in_zotero","Not found in the supplied Zotero bibliography. DOI was supplied in application_inventory.csv and the Crossref title matches the supplied citation (automated title coverage 1). Confirm during review."
"watts_2009","Watts et al. 2009","Watts et al. 2009","Matthew E. Watts; Ian R. Ball; Romola S. Stewart; Carissa J. Klein; Kerrie Wilson; Charles Steinback; Reinaldo Lourival; Lindsay Kircher; Hugh P. Possingham","2009","Marxan with Zones: Software for optimal conservation based land- and sea-use zoning","Environmental Modelling & Software","24","12","1513-1521","10.1016/j.envsoft.2009.06.005","https://doi.org/10.1016/j.envsoft.2009.06.005","Watts et al. 2009. Marxan with Zones: Software for optimal conservation based land- and sea-use zoning. Environmental Modelling & Software.","journal-article","Application inventory","Model application","","","Restoration resource allocation","","","source_citation_not_in_zotero","Not found in the supplied Zotero bibliography. DOI was supplied in application_inventory.csv and the Crossref title matches the supplied citation (automated title coverage 1). Confirm during review."
"zellmer_2019","Zellmer et al. 2019","Zellmer et al. 2019","Amanda J. Zellmer; Jeremy T. Claisse; Chelsea M. Williams; Stuart Schwab; Daniel J. Pondella","2019","Predicting Optimal Sites for Ecosystem Restoration Using Stacked-Species Distribution Modeling","Frontiers in Marine Science","6","","","10.3389/fmars.2019.00003","https://doi.org/10.3389/fmars.2019.00003","Zellmer et al. 2019. Predicting optimal sites for ecosystem restoration using species distribution models. Frontiers in Marine Science.","journal-article","Application inventory","Model application","","","Post-fire intervention selection; Restoration feasibility screening","","","source_citation_not_in_zotero","Not found in the supplied Zotero bibliography. DOI was supplied in application_inventory.csv and the Crossref title matches the supplied citation (automated title coverage 0.78). Confirm during review."
